text,label
My aunt has severe joint pain from arthritis and can't reach the car today. We need a vehicle to reach the hospital as soon as possible.,Orthopedics
My father is due for a follow-up endoscopy appointment this week. Can someone be sent to pick us up for the hospital?,Gastroenterology
"My aunt is a cancer patient and needs to go for radiotherapy. Need immediate pickup, this cannot wait.",Oncology
My grandmother has sudden hearing loss in one ear for the past few hours. We need urgent transport to the hospital.,ENT
My wife needs a routine checkup for ongoing hypertension today. Can someone be sent to pick us up for the hospital?,General_Medicine
My mother suddenly can't speak properly and the face looks drooped on one side since this afternoon. Can you send an ambulance immediately?,Neurology
My mother-in-law suddenly lost vision in one eye for the past few hours. We need help getting to the hospital quickly.,Neurology
My sister needs a routine consultation for chronic gastritis. Can you send an ambulance immediately?,Gastroenterology
My mother-in-law is scheduled for a routine oncology follow-up. Could you arrange pickup for the scheduled hospital appointment?,Oncology
My grandmother is hearing and seeing things that aren't there for the past few hours. Could you arrange pickup for the scheduled hospital appointment?,Psychiatry_MentalHealth
"My sister suddenly can't speak properly and the face looks drooped on one side suddenly, just now. Could you arrange pickup for the scheduled hospital appointment?",Neurology
My uncle is scheduled for an angiography appointment this week. We need help getting to the hospital quickly.,Cardiology
"My father has severe knee pain and difficulty bearing weight suddenly, just now. Need immediate pickup, this cannot wait.",Orthopedics
My mother-in-law needs a follow-up appointment for thyroid medication tomorrow. Please confirm a pickup time for the hospital visit.,General_Medicine
My mother-in-law has a chemotherapy session booked. Requesting a car for hospital transport.,Oncology
My sister is having a severe allergic reaction and the face is swelling for the past few hours. We need urgent transport to the hospital.,Emergency_Trauma
My sister-in-law is pregnant and feeling severe dizziness and cramping since this morning. Please arrange a wheelchair-accessible pickup.,Obstetrics_Gynecology
"My wife needs oxygen support during transport to the hospital suddenly, just now. Please send transport right away, this is urgent.",Pulmonology
My mother was in a road accident and is bleeding heavily since this afternoon. Requesting a car for hospital transport.,Emergency_Trauma
My husband has chest tightness with pain spreading to the left arm right now. Please confirm a pickup time for the hospital visit.,Cardiology
"My father has a persistent cough and chest congestion today. Need immediate pickup, this cannot wait.",Pulmonology
My wife is bleeding heavily and going pale for the past few hours. We need urgent transport to the hospital.,Emergency_Trauma
My father-in-law is due for a scheduled psychiatric follow-up appointment this week. Can someone be sent to pick us up for the hospital?,Psychiatry_MentalHealth
My elderly neighbor is due for a follow-up after recent heart surgery tomorrow. Please book a ride to the hospital for the appointment.,Cardiology
My sister-in-law is pregnant and feeling severe dizziness and cramping for the past few hours. Can you send an ambulance immediately?,Obstetrics_Gynecology
My father is due for a dialysis session at the hospital. Please confirm a pickup time for the hospital visit.,Nephrology_Dialysis
My colleague is having tremors and difficulty walking since this morning. Can you send an ambulance immediately?,Neurology
"My brother is extremely weak after the last chemo session and needs help reaching the hospital suddenly, just now. We need help getting to the hospital quickly.",Oncology
My husband has COPD and is struggling to breathe for the past few hours. Please arrange a wheelchair-accessible pickup.,Pulmonology
My cousin is pregnant and feeling severe dizziness and cramping. We need help getting to the hospital quickly.,Obstetrics_Gynecology
My baby is due for a routine pediatric checkup today. Please book a ride to the hospital for the appointment.,Pediatrics
My mother-in-law has ongoing sinus issues and needs an ENT checkup tomorrow. We need help getting to the hospital quickly.,ENT
My colleague needs transport for a scheduled oncology consultation. Could you arrange pickup for the scheduled hospital appointment?,Oncology
My wife is due for a routine blood test appointment. We need a vehicle to reach the hospital as soon as possible.,General_Medicine
My father fainted and is confused since last night. Requesting a car for hospital transport.,Neurology
A family friend has ongoing sinus issues and needs an ENT checkup. Can you send an ambulance immediately?,ENT
"My grandfather is unable to swallow properly due to a severely swollen throat since last night. Please send transport right away, this is urgent.",ENT
"My aunt has severe burning and pain during urination. Please send transport right away, this is urgent.",Urology
My grandmother is on home oxygen and the levels are dropping since this morning. Could you arrange pickup for the scheduled hospital appointment?,Pulmonology
My brother is due for a biopsy appointment this week. Could you arrange pickup for the scheduled hospital appointment?,Oncology
"My husband is due for a follow-up after ear surgery for the past few days. Need immediate pickup, this cannot wait.",ENT
My mother-in-law is unconscious after a fall right now. We need a vehicle to reach the hospital as soon as possible.,Emergency_Trauma
"My colleague has blood in the urine and is very worried. Need immediate pickup, this cannot wait.",Urology
My father-in-law has severe urinary retention and is in a lot of discomfort right now. We need urgent transport to the hospital.,Urology
A family friend is pregnant and feeling severe dizziness and cramping right now. We need a vehicle to reach the hospital as soon as possible.,Obstetrics_Gynecology
My son has severe vomiting and diarrhea right now. Can you send an ambulance immediately?,Pediatrics
My colleague has a persistent cough and chest congestion this week. Requesting a car for hospital transport.,Pulmonology
A family friend has chronic tonsillitis and needs a specialist consultation this week. Please arrange a wheelchair-accessible pickup.,ENT
"My mother-in-law has severe pain related to ongoing cancer treatment suddenly, just now. Can you send an ambulance immediately?",Oncology
My mother is due for a dialysis session at the hospital today. We need urgent transport to the hospital.,Nephrology_Dialysis
"My wife needs a wheelchair-accessible ride for a physiotherapy session. Please send transport right away, this is urgent.",Orthopedics
My niece has a bad cough and is having trouble breathing since this afternoon. Please confirm a pickup time for the hospital visit.,Pediatrics
My brother has a chemotherapy session booked. Could you arrange pickup for the scheduled hospital appointment?,Oncology
My daughter-in-law needs urgent care after a miscarriage. We need help getting to the hospital quickly.,Obstetrics_Gynecology
"My father needs oxygen support during transport to the hospital since this morning. Please send transport right away, this is urgent.",Pulmonology
"My son is due for scheduled vaccinations for the past few days. Please send transport right away, this is urgent.",Pediatrics
My elderly neighbor has a fractured wrist from a fall since last night. Can you send an ambulance immediately?,Orthopedics
My grandfather has stomach pain and nausea since this morning since last night. We need a vehicle to reach the hospital as soon as possible.,General_Medicine
"My wife is unconscious after a fall suddenly, just now. Need immediate pickup, this cannot wait.",Emergency_Trauma
My grandfather is extremely confused and not recognizing family members for the past few hours. We need urgent transport to the hospital.,Psychiatry_MentalHealth
My uncle needs a routine checkup for ongoing hypertension tomorrow. Can someone be sent to pick us up for the hospital?,General_Medicine
My mother-in-law has severe pain in the hip and can't walk for the past few hours. We need a vehicle to reach the hospital as soon as possible.,Orthopedics
"My grandmother has a bad case of the flu and needs to see a doctor suddenly, just now. Need immediate pickup, this cannot wait.",General_Medicine
My grandfather is having a severe allergic reaction and the face is swelling since this afternoon. Please book a ride to the hospital for the appointment.,Emergency_Trauma
"My wife has COPD and is struggling to breathe since this afternoon. Please send transport right away, this is urgent.",Pulmonology
My father is unable to swallow properly due to a severely swollen throat since this morning. Could you arrange pickup for the scheduled hospital appointment?,ENT
"My sister-in-law is pregnant and feeling severe dizziness and cramping since this morning. Please send transport right away, this is urgent.",Obstetrics_Gynecology
"My mother is extremely anxious and having trouble breathing due to stress since this afternoon. Please send transport right away, this is urgent.",Psychiatry_MentalHealth
A family friend is pregnant and feeling severe dizziness and cramping. We need urgent transport to the hospital.,Obstetrics_Gynecology
My father-in-law has numbness on one side of the face and arm for the past few hours. We need a vehicle to reach the hospital as soon as possible.,Neurology
"My daughter has a very high fever that won't come down for the past few hours. Please send transport right away, this is urgent.",Pediatrics
My colleague is due for a follow-up after a recent lung infection tomorrow. Please book a ride to the hospital for the appointment.,Pulmonology
My uncle has a chemotherapy session booked. Requesting a car for hospital transport.,Oncology
My brother has severe abdominal pain and can't stand up straight since this morning. Requesting a car for hospital transport.,Gastroenterology
My grandmother is due for a routine urology checkup this week. We need a vehicle to reach the hospital as soon as possible.,Urology
My wife is due for a biopsy appointment. Could you arrange pickup for the scheduled hospital appointment?,Oncology
My daughter has a very high fever that won't come down since last night. Requesting a car for hospital transport.,Pediatrics
My wife is due for a follow-up after ear surgery this week. Please confirm a pickup time for the hospital visit.,ENT
My father is having a severe panic attack and can't calm down since this afternoon. Can you send an ambulance immediately?,Psychiatry_MentalHealth
My sister is due for a follow-up after knee surgery tomorrow. Please book a ride to the hospital for the appointment.,Orthopedics
My grandfather is due for a follow-up after a recent lung infection. Please arrange a wheelchair-accessible pickup.,Pulmonology
My husband is due for a dialysis session at the hospital today. We need a vehicle to reach the hospital as soon as possible.,Nephrology_Dialysis
My wife is extremely weak after the last chemo session and needs help reaching the hospital since last night. We need urgent transport to the hospital.,Oncology
My mother has ongoing stomach ulcers and needs a checkup. Please book a ride to the hospital for the appointment.,Gastroenterology
A family friend is scheduled for a fistula checkup before dialysis. Please arrange a wheelchair-accessible pickup.,Nephrology_Dialysis
My father-in-law needs an urgent psychiatric evaluation after a sudden change in behavior for the past few hours. Please book a ride to the hospital for the appointment.,Psychiatry_MentalHealth
My father-in-law is due for a scheduled psychiatric follow-up appointment for the past few days. Can someone be sent to pick us up for the hospital?,Psychiatry_MentalHealth
My aunt needs a cardiac checkup after recent palpitations tomorrow. Please confirm a pickup time for the hospital visit.,Cardiology
A family friend suddenly can't speak properly and the face looks drooped on one side since this morning. We need urgent transport to the hospital.,Neurology
My colleague is due for a routine gynecology consultation tomorrow. We need urgent transport to the hospital.,Obstetrics_Gynecology
My elderly neighbor is due for a routine blood test appointment. Please book a ride to the hospital for the appointment.,General_Medicine
"My colleague is complaining of a heavy feeling in the chest and cold sweats since this morning. Need immediate pickup, this cannot wait.",Cardiology
"My husband needs a routine checkup for managing diabetes medication tomorrow. Need immediate pickup, this cannot wait.",General_Medicine
My father was injured when a wall collapsed nearby since last night. We need urgent transport to the hospital.,Emergency_Trauma
A family friend has general body weakness and wants to see a doctor right now. We need a vehicle to reach the hospital as soon as possible.,General_Medicine
My grandmother has sudden weakness down one side of the body. We need urgent transport to the hospital.,Neurology
"My aunt suddenly can't speak properly and the face looks drooped on one side right now. Need immediate pickup, this cannot wait.",Neurology
"My little sister has had a fever that isn't going down with medicine. Need immediate pickup, this cannot wait.",Pediatrics
"My sister is pregnant and feeling severe dizziness and cramping for the past few hours. Need immediate pickup, this cannot wait.",Obstetrics_Gynecology
My mother-in-law needs a follow-up appointment for thyroid medication. We need a vehicle to reach the hospital as soon as possible.,General_Medicine
"My daughter won't stop crying and isn't feeding well for the past few hours. Please send transport right away, this is urgent.",Pediatrics
"My elderly neighbor has swelling in the legs and reduced urination suddenly, just now. We need help getting to the hospital quickly.",Nephrology_Dialysis
My brother is a long-term dialysis patient and needs a wheelchair-accessible vehicle for the past few days. Please book a ride to the hospital for the appointment.,Nephrology_Dialysis
"My father-in-law is vomiting blood and feels extremely weak suddenly, just now. Requesting a car for hospital transport.",Gastroenterology
My grandfather is due for a dialysis session at the hospital tomorrow. Please confirm a pickup time for the hospital visit.,Nephrology_Dialysis
"My elderly neighbor has asthma and is having a bad attack. Please send transport right away, this is urgent.",Pulmonology
"My husband has a chemotherapy session booked this week. Please send transport right away, this is urgent.",Oncology
My niece has a rash all over the body and is very fussy since this morning. We need urgent transport to the hospital.,Pediatrics
My grandmother has uncontrolled diabetes and needs a checkup for the past few days. Could you arrange pickup for the scheduled hospital appointment?,General_Medicine
My elderly neighbor is due for a follow-up endoscopy appointment tomorrow. Can someone be sent to pick us up for the hospital?,Gastroenterology
My brother has been unusually withdrawn and not making sense when speaking today. We need a vehicle to reach the hospital as soon as possible.,Psychiatry_MentalHealth
"My husband has severe diarrhea and is becoming dehydrated suddenly, just now. Can you send an ambulance immediately?",Gastroenterology
My colleague is due for a follow-up endoscopy appointment today. Please confirm a pickup time for the hospital visit.,Gastroenterology
"My colleague is having a mental health crisis and needs urgent evaluation. Need immediate pickup, this cannot wait.",Psychiatry_MentalHealth
"My sister is having a severe panic attack and can't calm down. Need immediate pickup, this cannot wait.",Psychiatry_MentalHealth
A family friend is extremely weak after the last chemo session and needs help reaching the hospital since this morning. We need help getting to the hospital quickly.,Oncology
"My grandmother has multiple injuries after a fall from a ladder suddenly, just now. Can someone be sent to pick us up for the hospital?",Emergency_Trauma
A family friend has chest tightness with pain spreading to the left arm. Can you send an ambulance immediately?,Cardiology
My husband is complaining of a heavy feeling in the chest and cold sweats right now. Can you send an ambulance immediately?,Cardiology
My granddaughter has had a fever that isn't going down with medicine. We need a vehicle to reach the hospital as soon as possible.,Pediatrics
My father is due for a follow-up after a recent lung infection tomorrow. Please confirm a pickup time for the hospital visit.,Pulmonology
"My brother is having a seizure suddenly, just now. We need urgent transport to the hospital.",Neurology
"My mother has severe joint pain from arthritis and can't reach the car. Please send transport right away, this is urgent.",Orthopedics
My sister has ongoing urinary difficulty and needs a urology consultation. Please book a ride to the hospital for the appointment.,Urology
My baby is due for a routine pediatric checkup this week. Can someone be sent to pick us up for the hospital?,Pediatrics
"My mother needs oxygen support during transport to the hospital suddenly, just now. Can you send an ambulance immediately?",Pulmonology
My brother is scheduled for a fistula checkup before dialysis today. We need a vehicle to reach the hospital as soon as possible.,Nephrology_Dialysis
"My grandmother is on home oxygen and the levels are dropping for the past few hours. Please send transport right away, this is urgent.",Pulmonology
My brother has uncontrolled diabetes and needs a checkup for the past few days. Can you send an ambulance immediately?,General_Medicine
My aunt has severe pain related to ongoing cancer treatment right now. We need a vehicle to reach the hospital as soon as possible.,Oncology
My father needs a follow-up appointment for thyroid medication this week. Please arrange a wheelchair-accessible pickup.,General_Medicine
My father-in-law has a scheduled dialysis appointment. We need urgent transport to the hospital.,Nephrology_Dialysis
My grandson accidentally swallowed a small object for the past few hours. Requesting a car for hospital transport.,Pediatrics
"My father-in-law has black, tarry stools and is feeling dizzy right now. Please send transport right away, this is urgent.",Gastroenterology
"My father is having severe difficulty breathing suddenly, just now. Can you send an ambulance immediately?",Pulmonology
"My father-in-law has a foreign object stuck in the ear suddenly, just now. We need urgent transport to the hospital.",ENT
"My mother is having a severe panic attack and can't calm down suddenly, just now. We need a vehicle to reach the hospital as soon as possible.",Psychiatry_MentalHealth
"My aunt is wheezing badly and can't catch a breath. Need immediate pickup, this cannot wait.",Pulmonology
My sister has recurring urinary tract infections and needs a checkup. Can someone be sent to pick us up for the hospital?,Urology
My mother has ongoing urinary difficulty and needs a urology consultation today. Please confirm a pickup time for the hospital visit.,Urology
My mother-in-law is due for a follow-up scan after cancer treatment. We need a vehicle to reach the hospital as soon as possible.,Oncology
"My brother twisted the ankle badly and it's very swollen suddenly, just now. Can someone be sent to pick us up for the hospital?",Orthopedics
My father has been feeling unwell with a persistent cough and fatigue tomorrow. Please confirm a pickup time for the hospital visit.,General_Medicine
My father has a chemotherapy session booked. Please book a ride to the hospital for the appointment.,Oncology
"My little sister accidentally swallowed a small object suddenly, just now. Requesting a car for hospital transport.",Pediatrics
My mother is extremely anxious and having trouble breathing due to stress since last night. Please arrange a wheelchair-accessible pickup.,Psychiatry_MentalHealth
My mother has severe urinary retention and is in a lot of discomfort. We need a vehicle to reach the hospital as soon as possible.,Urology
My colleague is pregnant and feeling severe dizziness and cramping since this morning. We need a vehicle to reach the hospital as soon as possible.,Obstetrics_Gynecology
"My aunt has swelling in the legs and reduced urination since last night. Please send transport right away, this is urgent.",Nephrology_Dialysis
"My uncle has a bad ear infection with severe pain suddenly, just now. Please send transport right away, this is urgent.",ENT
My elderly neighbor is showing very aggressive and unusual behavior since last night. We need help getting to the hospital quickly.,Psychiatry_MentalHealth
"My mother has sudden weakness down one side of the body since this morning. Please send transport right away, this is urgent.",Neurology
My father is due for a dialysis session at the hospital today. Please book a ride to the hospital for the appointment.,Nephrology_Dialysis
My aunt needs a follow-up appointment for thyroid medication this week. Please confirm a pickup time for the hospital visit.,General_Medicine
"My grandmother has a bad chest infection and is coughing up blood for the past few hours. Need immediate pickup, this cannot wait.",Pulmonology
My daughter has a very high fever that won't come down since this morning. Can someone be sent to pick us up for the hospital?,Pediatrics
"My mother-in-law is scheduled for a routine oncology follow-up today. Please send transport right away, this is urgent.",Oncology
My newborn fell off a bicycle and hurt the arm badly since last night. We need a vehicle to reach the hospital as soon as possible.,Pediatrics
My nephew has a bad cough and is having trouble breathing. Please confirm a pickup time for the hospital visit.,Pediatrics
My aunt is extremely confused and not recognizing family members right now. Can you send an ambulance immediately?,Psychiatry_MentalHealth
My father has a deep cut on the arm that won't stop bleeding since this afternoon. We need help getting to the hospital quickly.,Emergency_Trauma
A family friend has severe pain related to ongoing cancer treatment. We need help getting to the hospital quickly.,Oncology
My aunt has sudden severe pain in the upper stomach right now. Can you send an ambulance immediately?,Gastroenterology
My aunt is a cancer patient and needs to go for radiotherapy for the past few days. We need help getting to the hospital quickly.,Oncology
My colleague is having severe chest pain and sweating heavily. Can you send an ambulance immediately?,Cardiology
"My sister has stomach pain and nausea since this morning suddenly, just now. Can someone be sent to pick us up for the hospital?",General_Medicine
My father is not responding normally and seems disoriented for the past few hours. We need urgent transport to the hospital.,Neurology
My elderly neighbor is due for a follow-up scan after cancer treatment tomorrow. Could you arrange pickup for the scheduled hospital appointment?,Oncology
My mother-in-law has a pacemaker and is not feeling right since this afternoon. Please confirm a pickup time for the hospital visit.,Cardiology
"My elderly neighbor is having a mental health crisis and needs urgent evaluation for the past few hours. Please send transport right away, this is urgent.",Psychiatry_MentalHealth
My elderly neighbor has blood in the urine and is very worried since this morning. Can you send an ambulance immediately?,Urology
My sister has had a fever and body aches this week. We need a vehicle to reach the hospital as soon as possible.,General_Medicine
My aunt has numbness on one side of the face and arm. We need help getting to the hospital quickly.,Neurology
My grandfather has a severe nosebleed that won't stop right now. Please book a ride to the hospital for the appointment.,ENT
My father-in-law has a pacemaker and is not feeling right since last night. We need help getting to the hospital quickly.,Cardiology
My colleague has chronic acid reflux and needs a gastroenterology consultation this week. Please book a ride to the hospital for the appointment.,Gastroenterology
"My grandfather is on home oxygen and the levels are dropping suddenly, just now. Can you send an ambulance immediately?",Pulmonology
"My uncle is having a seizure suddenly, just now. Please book a ride to the hospital for the appointment.",Neurology
"My nephew has a bad cough and is having trouble breathing since this morning. Please send transport right away, this is urgent.",Pediatrics
A family friend has a pacemaker and is not feeling right since this morning. Could you arrange pickup for the scheduled hospital appointment?,Cardiology
"My colleague has severe sinus pain and pressure with fever. Need immediate pickup, this cannot wait.",ENT
"My uncle accidentally swallowed a cleaning chemical suddenly, just now. Please send transport right away, this is urgent.",Emergency_Trauma
My grandfather has a scheduled dialysis appointment for the past few days. Please arrange a wheelchair-accessible pickup.,Nephrology_Dialysis
My wife needs a routine checkup for ongoing hypertension for the past few days. Please arrange a wheelchair-accessible pickup.,General_Medicine
My little brother has had a fever that isn't going down with medicine today. Please arrange a wheelchair-accessible pickup.,Pediatrics
"My husband has an irregular heartbeat and feels dizzy. Need immediate pickup, this cannot wait.",Cardiology
My grandmother has kidney failure and needs regular dialysis transport tomorrow. We need help getting to the hospital quickly.,Nephrology_Dialysis
"My father-in-law was in a road accident and is bleeding heavily suddenly, just now. Please arrange a wheelchair-accessible pickup.",Emergency_Trauma
"My uncle has mild fever and wants a general physician consultation suddenly, just now. Need immediate pickup, this cannot wait.",General_Medicine
My brother has stomach pain and nausea since this morning since this morning. Can you send an ambulance immediately?,General_Medicine
My father-in-law has chronic acid reflux and needs a gastroenterology consultation tomorrow. Please book a ride to the hospital for the appointment.,Gastroenterology
My husband fell from the roof and is not moving since this morning. Can you send an ambulance immediately?,Emergency_Trauma
My mother needs a routine checkup for managing diabetes medication tomorrow. Requesting a car for hospital transport.,General_Medicine
My aunt is unable to urinate and is in severe pain since this afternoon. Can you send an ambulance immediately?,Urology
My husband is having severe difficulty breathing for the past few hours. Please arrange a wheelchair-accessible pickup.,Pulmonology
My grandfather fell down the stairs and the leg looks broken right now. Requesting a car for hospital transport.,Orthopedics
"My elderly neighbor had a heart attack last year and is feeling similar symptoms again suddenly, just now. We need a vehicle to reach the hospital as soon as possible.",Cardiology
My sister has COPD and is struggling to breathe since this morning. We need help getting to the hospital quickly.,Pulmonology
My colleague is unable to swallow properly due to a severely swollen throat since this morning. Requesting a car for hospital transport.,ENT
A family friend fainted and is confused since this afternoon. We need urgent transport to the hospital.,Neurology
My sister is a cancer patient and needs to go for radiotherapy. Can someone be sent to pick us up for the hospital?,Oncology
My mother-in-law is having a severe panic attack and can't calm down for the past few hours. We need urgent transport to the hospital.,Psychiatry_MentalHealth
My father-in-law has stomach pain and nausea since this morning. We need help getting to the hospital quickly.,General_Medicine
"My father has a foreign object stuck in the ear. Need immediate pickup, this cannot wait.",ENT
My grandmother has ongoing stomach ulcers and needs a checkup tomorrow. Please confirm a pickup time for the hospital visit.,Gastroenterology
My mother-in-law is unable to urinate and is in severe pain since last night. We need a vehicle to reach the hospital as soon as possible.,Urology
My sister is due for a follow-up after knee surgery for the past few days. Requesting a car for hospital transport.,Orthopedics
My mother has chronic back pain and can barely move around for the past few days. Requesting a car for hospital transport.,Orthopedics
"A family friend has sudden severe pain in the groin area suddenly, just now. Can you send an ambulance immediately?",Urology
My niece had an allergic reaction after eating something since this afternoon. Please arrange a wheelchair-accessible pickup.,Pediatrics
My husband has had a fever and body aches. Requesting a car for hospital transport.,General_Medicine
"My father-in-law missed the last dialysis session and needs to go in urgently. Need immediate pickup, this cannot wait.",Nephrology_Dialysis
My sister has chronic acid reflux and needs a gastroenterology consultation. We need help getting to the hospital quickly.,Gastroenterology
My colleague has a chemotherapy session booked today. We need urgent transport to the hospital.,Oncology
"My uncle has a fractured wrist from a fall suddenly, just now. Can you send an ambulance immediately?",Orthopedics
My father has been vomiting continuously right now. We need urgent transport to the hospital.,Gastroenterology
My mother-in-law is unable to urinate and is in severe pain right now. We need a vehicle to reach the hospital as soon as possible.,Urology
My father has high blood pressure and is complaining of chest pressure. We need urgent transport to the hospital.,Cardiology
"My nephew has a very high fever that won't come down right now. Need immediate pickup, this cannot wait.",Pediatrics
My grandmother has sudden severe pain in the upper stomach right now. We need urgent transport to the hospital.,Gastroenterology
My father-in-law is due for a dialysis session at the hospital this week. Can someone be sent to pick us up for the hospital?,Nephrology_Dialysis
My husband has been feeling unwell with a persistent cough and fatigue. We need help getting to the hospital quickly.,General_Medicine
"My grandmother has sudden severe pain in the upper stomach right now. Please send transport right away, this is urgent.",Gastroenterology
"My toddler is due for scheduled vaccinations. Please send transport right away, this is urgent.",Pediatrics
A family friend has a foreign object stuck in the ear since last night. We need a vehicle to reach the hospital as soon as possible.,ENT
My wife is scheduled for a routine oncology follow-up for the past few days. We need help getting to the hospital quickly.,Oncology
A family friend has severe lower back pain suspected to be kidney stones right now. Please confirm a pickup time for the hospital visit.,Nephrology_Dialysis
"My mother has chronic acid reflux and needs a gastroenterology consultation for the past few days. Need immediate pickup, this cannot wait.",Gastroenterology
My grandmother has been feeling unwell with a persistent cough and fatigue today. Can someone be sent to pick us up for the hospital?,General_Medicine
My uncle suddenly lost vision in one eye since this morning. We need help getting to the hospital quickly.,Neurology
My sister is having a mental health crisis and needs urgent evaluation since last night. Requesting a car for hospital transport.,Psychiatry_MentalHealth
My aunt is due for a cast removal appointment. Please book a ride to the hospital for the appointment.,Orthopedics
My grandfather is scheduled for a routine oncology follow-up. Please book a ride to the hospital for the appointment.,Oncology
My husband has been vomiting continuously since this afternoon. Can you send an ambulance immediately?,Gastroenterology
My colleague has chronic tonsillitis and needs a specialist consultation. We need a vehicle to reach the hospital as soon as possible.,ENT
My brother is retaining a lot of fluid and the doctor said to come in for dialysis right now. Can you send an ambulance immediately?,Nephrology_Dialysis
My father-in-law is retaining a lot of fluid and the doctor said to come in for dialysis since last night. We need urgent transport to the hospital.,Nephrology_Dialysis
"My mother-in-law is unable to swallow properly due to a severely swollen throat since this morning. Please send transport right away, this is urgent.",ENT
A family friend is scheduled for a fistula checkup before dialysis. Please confirm a pickup time for the hospital visit.,Nephrology_Dialysis
"My father fell down the stairs and the leg looks broken suddenly, just now. Can you send an ambulance immediately?",Orthopedics
My elderly neighbor needs a routine checkup for managing diabetes medication this week. Please arrange a wheelchair-accessible pickup.,General_Medicine
My grandfather has severe pain in the hip and can't walk for the past few hours. We need urgent transport to the hospital.,Orthopedics
My father-in-law has stomach pain and nausea since this morning since last night. We need a vehicle to reach the hospital as soon as possible.,General_Medicine
My mother was hit by a motorbike and can't stand up. We need help getting to the hospital quickly.,Emergency_Trauma
A family friend is due for a routine gynecology consultation. Please book a ride to the hospital for the appointment.,Obstetrics_Gynecology
"My sister has blood in the urine and is very worried since this afternoon. Need immediate pickup, this cannot wait.",Urology
"My uncle was in a road accident and is bleeding heavily since this afternoon. Please send transport right away, this is urgent.",Emergency_Trauma
My aunt has been vomiting continuously. Can you send an ambulance immediately?,Gastroenterology
My wife is due for a scheduled ultrasound appointment. Please arrange a wheelchair-accessible pickup.,Obstetrics_Gynecology
My mother needs a routine checkup for managing diabetes medication tomorrow. We need urgent transport to the hospital.,General_Medicine
My grandfather has a chemotherapy session booked. Can someone be sent to pick us up for the hospital?,Oncology
A family friend has multiple injuries after a fall from a ladder since last night. We need help getting to the hospital quickly.,Emergency_Trauma
My grandmother fell from the roof and is not moving for the past few hours. Please confirm a pickup time for the hospital visit.,Emergency_Trauma
My grandfather has persistent throat irritation and hoarseness today. Could you arrange pickup for the scheduled hospital appointment?,ENT
"My sister has a deep cut on the arm that won't stop bleeding suddenly, just now. Please arrange a wheelchair-accessible pickup.",Emergency_Trauma
My grandfather has a scheduled pulmonology follow-up appointment. Can someone be sent to pick us up for the hospital?,Pulmonology
My colleague is in labor and needs to reach the hospital immediately for the past few hours. We need help getting to the hospital quickly.,Obstetrics_Gynecology
My mother is due for a follow-up after recent heart surgery for the past few days. Could you arrange pickup for the scheduled hospital appointment?,Cardiology
My grandmother is bleeding heavily and going pale since this morning. We need help getting to the hospital quickly.,Emergency_Trauma
My grandmother is due for a follow-up after ear surgery for the past few days. Please confirm a pickup time for the hospital visit.,ENT
"My father is on home oxygen and the levels are dropping suddenly, just now. Can you send an ambulance immediately?",Pulmonology
"My grandfather needs transport for a scheduled oncology consultation. Need immediate pickup, this cannot wait.",Oncology
"My wife is due for a routine blood test appointment. Please send transport right away, this is urgent.",General_Medicine
My wife has severe joint pain from arthritis and can't reach the car this week. We need urgent transport to the hospital.,Orthopedics
My mother-in-law has recurring urinary tract infections and needs a checkup today. Please confirm a pickup time for the hospital visit.,Urology
My brother has general body weakness and wants to see a doctor since last night. We need urgent transport to the hospital.,General_Medicine
My uncle has severe lower back pain suspected to be kidney stones right now. We need urgent transport to the hospital.,Nephrology_Dialysis
"My grandmother was injured when a wall collapsed nearby since this afternoon. Need immediate pickup, this cannot wait.",Emergency_Trauma
A family friend is due for a biopsy appointment today. Please arrange a wheelchair-accessible pickup.,Oncology
"My father-in-law has black, tarry stools and is feeling dizzy. Requesting a car for hospital transport.",Gastroenterology
"My wife has swelling in the legs and reduced urination right now. Please send transport right away, this is urgent.",Nephrology_Dialysis
My sister is due for a cast removal appointment today. We need urgent transport to the hospital.,Orthopedics
My mother-in-law is having a severe panic attack and can't calm down since this morning. We need urgent transport to the hospital.,Psychiatry_MentalHealth
"My toddler won't stop crying and isn't feeding well for the past few hours. Need immediate pickup, this cannot wait.",Pediatrics
My aunt has severe pain in the hip and can't walk since this morning. Please confirm a pickup time for the hospital visit.,Orthopedics
"My colleague has stomach pain and nausea since this morning since this afternoon. Please send transport right away, this is urgent.",General_Medicine
My aunt is due for a liver function test. Can someone be sent to pick us up for the hospital?,Gastroenterology
"My grandmother stopped talking and eating and seems disoriented right now. Please send transport right away, this is urgent.",Psychiatry_MentalHealth
My wife needs a routine checkup for managing diabetes medication. Please confirm a pickup time for the hospital visit.,General_Medicine
My father-in-law is a long-term dialysis patient and needs a wheelchair-accessible vehicle this week. We need urgent transport to the hospital.,Nephrology_Dialysis
My brother has severe urinary retention and is in a lot of discomfort. Can you send an ambulance immediately?,Urology
"My colleague has severe burning and pain during urination for the past few hours. Need immediate pickup, this cannot wait.",Urology
My sister has ongoing sinus issues and needs an ENT checkup. Requesting a car for hospital transport.,ENT
"My little sister had an allergic reaction after eating something suddenly, just now. We need help getting to the hospital quickly.",Pediatrics
My husband has ongoing urinary difficulty and needs a urology consultation today. Could you arrange pickup for the scheduled hospital appointment?,Urology
My sister is hearing and seeing things that aren't there since this afternoon. We need help getting to the hospital quickly.,Psychiatry_MentalHealth
My father-in-law fell down the stairs and the leg looks broken since this morning. Can you send an ambulance immediately?,Orthopedics
"My grandmother is a cancer patient and needs to go for radiotherapy. Please send transport right away, this is urgent.",Oncology
My grandfather has severe sinus pain and pressure with fever. Could you arrange pickup for the scheduled hospital appointment?,ENT
My sister is showing yellowing of the eyes and skin for the past few hours. Please confirm a pickup time for the hospital visit.,Gastroenterology
My colleague has uncontrolled diabetes and needs a checkup. Can you send an ambulance immediately?,General_Medicine
My uncle needs a wheelchair-accessible ride for a physiotherapy session. Could you arrange pickup for the scheduled hospital appointment?,Orthopedics
My grandmother has chronic tonsillitis and needs a specialist consultation tomorrow. Requesting a car for hospital transport.,ENT
My father is extremely confused and not recognizing family members right now. We need urgent transport to the hospital.,Psychiatry_MentalHealth
My grandmother is due for a routine urology checkup. Requesting a car for hospital transport.,Urology
"My mother has general body weakness and wants to see a doctor. Need immediate pickup, this cannot wait.",General_Medicine
"My colleague has severe pain in the hip and can't walk for the past few hours. Please send transport right away, this is urgent.",Orthopedics
"My colleague is having severe difficulty breathing suddenly, just now. Please arrange a wheelchair-accessible pickup.",Pulmonology
A family friend fainted and is confused right now. We need help getting to the hospital quickly.,Neurology
My uncle has sudden hearing loss in one ear. Requesting a car for hospital transport.,ENT
My uncle is unable to swallow properly due to a severely swollen throat since last night. We need a vehicle to reach the hospital as soon as possible.,ENT
My wife has a scheduled dialysis appointment. Can someone be sent to pick us up for the hospital?,Nephrology_Dialysis
"My mother is showing yellowing of the eyes and skin. Need immediate pickup, this cannot wait.",Gastroenterology
"My wife has general body weakness and wants to see a doctor suddenly, just now. Need immediate pickup, this cannot wait.",General_Medicine
My sister-in-law is pregnant and the water just broke since this afternoon. Can you send an ambulance immediately?,Obstetrics_Gynecology
My brother is a known heart patient and is feeling severe chest discomfort. We need urgent transport to the hospital.,Cardiology
"My mother is having a severe allergic reaction and the face is swelling for the past few hours. Need immediate pickup, this cannot wait.",Emergency_Trauma
"My father-in-law has sudden hearing loss in one ear right now. Please send transport right away, this is urgent.",ENT
My elderly neighbor is due for a follow-up after knee surgery. Can you send an ambulance immediately?,Orthopedics
My wife has a persistent cough and chest congestion today. We need help getting to the hospital quickly.,Pulmonology
My colleague is having a seizure right now. Requesting a car for hospital transport.,Neurology
"My grandfather is due for a follow-up scan after cancer treatment. Need immediate pickup, this cannot wait.",Oncology
My mother-in-law is due for a catheter change appointment for the past few days. Please confirm a pickup time for the hospital visit.,Urology
My elderly neighbor has chronic tonsillitis and needs a specialist consultation tomorrow. Please arrange a wheelchair-accessible pickup.,ENT
My uncle needs a routine checkup for managing diabetes medication tomorrow. We need a vehicle to reach the hospital as soon as possible.,General_Medicine
My mother has a foreign object stuck in the ear since last night. Can someone be sent to pick us up for the hospital?,ENT
A family friend is bleeding heavily and going pale. We need urgent transport to the hospital.,Emergency_Trauma
"My uncle has severe urinary retention and is in a lot of discomfort suddenly, just now. Please book a ride to the hospital for the appointment.",Urology
"My niece needs urgent care after a miscarriage. Please send transport right away, this is urgent.",Obstetrics_Gynecology
My mother-in-law is having a seizure. Could you arrange pickup for the scheduled hospital appointment?,Neurology
My colleague has recurring urinary tract infections and needs a checkup. Please arrange a wheelchair-accessible pickup.,Urology
My grandmother has a bad case of the flu and needs to see a doctor for the past few hours. Can you send an ambulance immediately?,General_Medicine
My grandfather has a chemotherapy session booked for the past few days. Please book a ride to the hospital for the appointment.,Oncology
"My aunt is badly injured after a car crash suddenly, just now. Can you send an ambulance immediately?",Emergency_Trauma
My elderly neighbor has been unusually withdrawn and not making sense when speaking tomorrow. Can someone be sent to pick us up for the hospital?,Psychiatry_MentalHealth
My mother-in-law has asthma and is having a bad attack since last night. We need urgent transport to the hospital.,Pulmonology
"My mother needs a wheelchair-accessible ride for a physiotherapy session for the past few days. Please send transport right away, this is urgent.",Orthopedics
"My brother hurt the back badly while working and can't sit up right now. Please send transport right away, this is urgent.",Orthopedics
My aunt is due for a follow-up after recent heart surgery for the past few days. We need a vehicle to reach the hospital as soon as possible.,Cardiology
My colleague has chronic back pain and can barely move around tomorrow. Can someone be sent to pick us up for the hospital?,Orthopedics
My baby has a high fever and is unusually drowsy since this morning. Can you send an ambulance immediately?,Pediatrics
My uncle has chronic acid reflux and needs a gastroenterology consultation this week. Please arrange a wheelchair-accessible pickup.,Gastroenterology
"My sister has a severe head injury after a fall suddenly, just now. We need urgent transport to the hospital.",Emergency_Trauma
My father has ongoing sinus issues and needs an ENT checkup. Please book a ride to the hospital for the appointment.,ENT
My daughter accidentally swallowed a small object. We need a vehicle to reach the hospital as soon as possible.,Pediatrics
My uncle is extremely anxious and having trouble breathing due to stress right now. We need a vehicle to reach the hospital as soon as possible.,Psychiatry_MentalHealth
My wife is scheduled for a fistula checkup before dialysis for the past few days. Please arrange a wheelchair-accessible pickup.,Nephrology_Dialysis
My grandfather has been vomiting continuously. Can someone be sent to pick us up for the hospital?,Gastroenterology
My aunt is due for a follow-up after ear surgery this week. Please book a ride to the hospital for the appointment.,ENT
My sister has a chemotherapy session booked this week. Can someone be sent to pick us up for the hospital?,Oncology
My brother is feeling weak and dizzy for no clear reason right now. Requesting a car for hospital transport.,General_Medicine
"My mother-in-law is having severe chest pain and sweating heavily. Need immediate pickup, this cannot wait.",Cardiology
My cousin is due for a scheduled ultrasound appointment this week. Please arrange a wheelchair-accessible pickup.,Obstetrics_Gynecology
My elderly neighbor is undergoing chemotherapy and has a session scheduled for the past few days. Can someone be sent to pick us up for the hospital?,Oncology
A family friend is in labor and needs to reach the hospital immediately for the past few hours. Could you arrange pickup for the scheduled hospital appointment?,Obstetrics_Gynecology
My grandmother is scheduled for a routine oncology follow-up. Please book a ride to the hospital for the appointment.,Oncology
My elderly neighbor has chest tightness with pain spreading to the left arm. We need urgent transport to the hospital.,Cardiology
My grandfather has a chemotherapy session booked this week. We need a vehicle to reach the hospital as soon as possible.,Oncology
"My grandfather is due for a follow-up after recent heart surgery this week. Need immediate pickup, this cannot wait.",Cardiology
My colleague suddenly lost vision in one eye since this morning. We need a vehicle to reach the hospital as soon as possible.,Neurology
"A family friend is having a severe panic attack and can't calm down. Need immediate pickup, this cannot wait.",Psychiatry_MentalHealth
My uncle is unable to urinate and is in severe pain since this morning. Please confirm a pickup time for the hospital visit.,Urology
My father is wheezing badly and can't catch a breath since this morning. We need help getting to the hospital quickly.,Pulmonology
My sister needs transport for a scheduled oncology consultation today. Can someone be sent to pick us up for the hospital?,Oncology
My sister is in labor and needs to reach the hospital immediately for the past few hours. Can someone be sent to pick us up for the hospital?,Obstetrics_Gynecology
A family friend is pregnant and the water just broke since this afternoon. We need help getting to the hospital quickly.,Obstetrics_Gynecology
My father-in-law needs to go for a kidney function checkup this week. Please arrange a wheelchair-accessible pickup.,Nephrology_Dialysis
My husband has chest tightness with pain spreading to the left arm. Can someone be sent to pick us up for the hospital?,Cardiology
My husband has stomach pain and nausea since this morning for the past few hours. Can you send an ambulance immediately?,General_Medicine
"A family friend is having severe difficulty breathing. Need immediate pickup, this cannot wait.",Pulmonology
"My toddler has severe vomiting and diarrhea suddenly, just now. Please book a ride to the hospital for the appointment.",Pediatrics
"My wife is not responding normally and seems disoriented suddenly, just now. We need a vehicle to reach the hospital as soon as possible.",Neurology
My elderly neighbor has swelling in the legs and reduced urination since this morning. We need help getting to the hospital quickly.,Nephrology_Dialysis
"My mother-in-law has a severe head injury after a fall since last night. Need immediate pickup, this cannot wait.",Emergency_Trauma
"My aunt fell down the stairs and the leg looks broken for the past few hours. Please send transport right away, this is urgent.",Orthopedics
"A family friend fell down the stairs and the leg looks broken right now. Need immediate pickup, this cannot wait.",Orthopedics
My mother missed the last dialysis session and needs to go in urgently. Please book a ride to the hospital for the appointment.,Nephrology_Dialysis
My colleague has severe joint pain from arthritis and can't reach the car for the past few days. Please confirm a pickup time for the hospital visit.,Orthopedics
My grandfather is a cancer patient and needs to go for radiotherapy. Can someone be sent to pick us up for the hospital?,Oncology
"My aunt has high blood pressure and is complaining of chest pressure since this morning. Please send transport right away, this is urgent.",Cardiology
My sister has persistent throat irritation and hoarseness. Can someone be sent to pick us up for the hospital?,ENT
"My grandfather is due for a biopsy appointment for the past few days. Need immediate pickup, this cannot wait.",Oncology
My aunt accidentally swallowed a cleaning chemical since last night. Can you send an ambulance immediately?,Emergency_Trauma
"My sister has high blood pressure and is complaining of chest pressure since this afternoon. Need immediate pickup, this cannot wait.",Cardiology
My brother is unable to urinate and is in severe pain for the past few hours. Can you send an ambulance immediately?,Urology
My aunt is having a mental health crisis and needs urgent evaluation for the past few hours. Can you send an ambulance immediately?,Psychiatry_MentalHealth
"My colleague fell from the roof and is not moving suddenly, just now. We need a vehicle to reach the hospital as soon as possible.",Emergency_Trauma
My cousin is pregnant and the water just broke. We need a vehicle to reach the hospital as soon as possible.,Obstetrics_Gynecology
A family friend is unable to urinate and is in severe pain since last night. Please book a ride to the hospital for the appointment.,Urology
My mother-in-law has a fractured wrist from a fall right now. Can you send an ambulance immediately?,Orthopedics
A family friend is due for a scheduled ultrasound appointment this week. Can someone be sent to pick us up for the hospital?,Obstetrics_Gynecology
My father needs a hearing test appointment for the past few days. Please confirm a pickup time for the hospital visit.,ENT
My mother-in-law has severe pain related to ongoing cancer treatment right now. Please arrange a wheelchair-accessible pickup.,Oncology
My husband has had a fever and body aches. Can you send an ambulance immediately?,General_Medicine
My grandmother needs a follow-up appointment for thyroid medication for the past few days. Can someone be sent to pick us up for the hospital?,General_Medicine
"My uncle needs to go for a kidney function checkup tomorrow. Need immediate pickup, this cannot wait.",Nephrology_Dialysis
My uncle has chronic back pain and can barely move around. Requesting a car for hospital transport.,Orthopedics
My aunt is due for a routine urology checkup tomorrow. We need help getting to the hospital quickly.,Urology
My grandmother has sudden severe pain in the groin area since last night. Please confirm a pickup time for the hospital visit.,Urology
"My sister-in-law is in labor and needs to reach the hospital immediately suddenly, just now. We need help getting to the hospital quickly.",Obstetrics_Gynecology
My mother needs a routine consultation for chronic gastritis. Can someone be sent to pick us up for the hospital?,Gastroenterology
My sister is due for a scheduled ultrasound appointment. We need a vehicle to reach the hospital as soon as possible.,Obstetrics_Gynecology
My mother is due for a dialysis session at the hospital this week. Could you arrange pickup for the scheduled hospital appointment?,Nephrology_Dialysis
My elderly neighbor is complaining of a heavy feeling in the chest and cold sweats right now. We need a vehicle to reach the hospital as soon as possible.,Cardiology
My mother-in-law needs an urgent psychiatric evaluation after a sudden change in behavior. Can you send an ambulance immediately?,Psychiatry_MentalHealth
"My wife has asthma and is having a bad attack suddenly, just now. Please send transport right away, this is urgent.",Pulmonology
My newborn has a high fever and is unusually drowsy since this morning. We need help getting to the hospital quickly.,Pediatrics
My mother has severe pain in the hip and can't walk. Please book a ride to the hospital for the appointment.,Orthopedics
"My father is showing very aggressive and unusual behavior since this afternoon. Please send transport right away, this is urgent.",Psychiatry_MentalHealth
My wife has severe joint pain from arthritis and can't reach the car. Can someone be sent to pick us up for the hospital?,Orthopedics
A family friend needs to go for a kidney function checkup for the past few days. Can someone be sent to pick us up for the hospital?,Nephrology_Dialysis
My little sister has had a fever that isn't going down with medicine. Please book a ride to the hospital for the appointment.,Pediatrics
My colleague is due for a follow-up after a recent lung infection tomorrow. Please arrange a wheelchair-accessible pickup.,Pulmonology
My grandfather is having severe difficulty breathing since this morning. Can you send an ambulance immediately?,Pulmonology
My uncle has severe lower back pain suspected to be kidney stones since this morning. Can someone be sent to pick us up for the hospital?,Nephrology_Dialysis
"My grandmother is on home oxygen and the levels are dropping. Please send transport right away, this is urgent.",Pulmonology
My elderly neighbor is due for a follow-up scan after cancer treatment for the past few days. We need a vehicle to reach the hospital as soon as possible.,Oncology
My uncle is scheduled for a fistula checkup before dialysis tomorrow. Please confirm a pickup time for the hospital visit.,Nephrology_Dialysis
My mother has multiple injuries after a fall from a ladder since this morning. Can you send an ambulance immediately?,Emergency_Trauma
"A family friend has a fractured wrist from a fall for the past few hours. Need immediate pickup, this cannot wait.",Orthopedics
A family friend needs a hearing test appointment. We need help getting to the hospital quickly.,ENT
A family friend is due for a follow-up MRI for ongoing headaches this week. Requesting a car for hospital transport.,Neurology
"My aunt has asthma and is having a bad attack suddenly, just now. We need help getting to the hospital quickly.",Pulmonology
My father-in-law is not responding normally and seems disoriented since this morning. Requesting a car for hospital transport.,Neurology
My mother-in-law is due for a routine urology checkup this week. Please arrange a wheelchair-accessible pickup.,Urology
My grandfather is a known epilepsy patient and had a seizure since this afternoon. Please book a ride to the hospital for the appointment.,Neurology
My sister is due for a follow-up scan after cancer treatment this week. Can someone be sent to pick us up for the hospital?,Oncology
My mother is due for a follow-up endoscopy appointment. Requesting a car for hospital transport.,Gastroenterology
My father has blood in the urine and is very worried right now. Can you send an ambulance immediately?,Urology
"My aunt is a known heart patient and is feeling severe chest discomfort suddenly, just now. Can someone be sent to pick us up for the hospital?",Cardiology
My sister needs a routine consultation for chronic gastritis today. Please book a ride to the hospital for the appointment.,Gastroenterology
My brother needs transport for a scheduled oncology consultation today. Please book a ride to the hospital for the appointment.,Oncology
"My brother is on home oxygen and the levels are dropping. Need immediate pickup, this cannot wait.",Pulmonology
"My father-in-law has chronic tonsillitis and needs a specialist consultation this week. Please send transport right away, this is urgent.",ENT
My brother is due for a liver function test tomorrow. Please arrange a wheelchair-accessible pickup.,Gastroenterology
My father has COPD and is struggling to breathe right now. Can you send an ambulance immediately?,Pulmonology
My sister is due for a routine prenatal checkup today. Requesting a car for hospital transport.,Obstetrics_Gynecology
A family friend is due for a routine prenatal checkup tomorrow. We need a vehicle to reach the hospital as soon as possible.,Obstetrics_Gynecology
My aunt is badly injured after a car crash since last night. Requesting a car for hospital transport.,Emergency_Trauma
"My grandfather has severe abdominal pain and can't stand up straight suddenly, just now. Please send transport right away, this is urgent.",Gastroenterology
My colleague has sudden weakness down one side of the body since this morning. Requesting a car for hospital transport.,Neurology
My toddler has a bad cough and is having trouble breathing since this afternoon. We need help getting to the hospital quickly.,Pediatrics
My mother-in-law has sudden severe pain in the groin area. Could you arrange pickup for the scheduled hospital appointment?,Urology
My husband has sudden severe pain in the groin area since last night. Please arrange a wheelchair-accessible pickup.,Urology
My husband is hearing and seeing things that aren't there since this afternoon. Can someone be sent to pick us up for the hospital?,Psychiatry_MentalHealth
"My sister suddenly can't speak properly and the face looks drooped on one side since last night. Need immediate pickup, this cannot wait.",Neurology
My wife is having a severe panic attack and can't calm down since this morning. Can you send an ambulance immediately?,Psychiatry_MentalHealth
My sister is pregnant and the water just broke since this morning. Please book a ride to the hospital for the appointment.,Obstetrics_Gynecology
My mother is a known epilepsy patient and had a seizure since this morning. We need a vehicle to reach the hospital as soon as possible.,Neurology
"My little sister is due for a routine pediatric checkup. Need immediate pickup, this cannot wait.",Pediatrics
"My colleague was hit by a motorbike and can't stand up since this morning. Please send transport right away, this is urgent.",Emergency_Trauma
My colleague needs a hearing test appointment. Requesting a car for hospital transport.,ENT
"My father-in-law needs an urgent psychiatric evaluation after a sudden change in behavior suddenly, just now. Please send transport right away, this is urgent.",Psychiatry_MentalHealth
My father-in-law is extremely confused and not recognizing family members since this morning. We need a vehicle to reach the hospital as soon as possible.,Psychiatry_MentalHealth
"My grandmother has swelling in the legs and reduced urination for the past few hours. Need immediate pickup, this cannot wait.",Nephrology_Dialysis
My wife is having a seizure. We need urgent transport to the hospital.,Neurology
My brother has a bad ear infection with severe pain. We need a vehicle to reach the hospital as soon as possible.,ENT
My wife has a scheduled pulmonology follow-up appointment tomorrow. Can you send an ambulance immediately?,Pulmonology
My grandfather is not responding normally and seems disoriented right now. We need help getting to the hospital quickly.,Neurology
A family friend was injured when a wall collapsed nearby since this afternoon. Can someone be sent to pick us up for the hospital?,Emergency_Trauma
My mother has been feeling unwell with a persistent cough and fatigue for the past few days. Could you arrange pickup for the scheduled hospital appointment?,General_Medicine
My father-in-law is hearing and seeing things that aren't there since this afternoon. Requesting a car for hospital transport.,Psychiatry_MentalHealth
"My mother-in-law has a bad ear infection with severe pain suddenly, just now. Please arrange a wheelchair-accessible pickup.",ENT
My sister has sudden hearing loss in one ear since last night. Requesting a car for hospital transport.,ENT
My father-in-law was hit by a motorbike and can't stand up. We need urgent transport to the hospital.,Emergency_Trauma
My father has severe diarrhea and is becoming dehydrated since this morning. We need urgent transport to the hospital.,Gastroenterology
My grandmother is due for a follow-up endoscopy appointment tomorrow. Could you arrange pickup for the scheduled hospital appointment?,Gastroenterology
A family friend is having a severe allergic reaction and the face is swelling since this morning. We need urgent transport to the hospital.,Emergency_Trauma
"My mother has stomach pain and nausea since this morning suddenly, just now. We need urgent transport to the hospital.",General_Medicine
My mother has severe urinary retention and is in a lot of discomfort right now. Can someone be sent to pick us up for the hospital?,Urology
"My wife has kidney failure and needs regular dialysis transport today. Please send transport right away, this is urgent.",Nephrology_Dialysis
My niece has a high fever and is unusually drowsy for the past few hours. We need urgent transport to the hospital.,Pediatrics
My wife is extremely anxious and having trouble breathing due to stress since this afternoon. Please arrange a wheelchair-accessible pickup.,Psychiatry_MentalHealth
My newborn has had a fever that isn't going down with medicine tomorrow. We need urgent transport to the hospital.,Pediatrics
My father has a persistent cough and chest congestion tomorrow. Please confirm a pickup time for the hospital visit.,Pulmonology
"My colleague is complaining of a heavy feeling in the chest and cold sweats since this morning. Please send transport right away, this is urgent.",Cardiology
My uncle is due for a follow-up after a recent lung infection this week. Please confirm a pickup time for the hospital visit.,Pulmonology
My aunt has an irregular heartbeat and feels dizzy since this afternoon. We need help getting to the hospital quickly.,Cardiology
My uncle has persistent throat irritation and hoarseness this week. Please book a ride to the hospital for the appointment.,ENT
My father has severe joint pain from arthritis and can't reach the car for the past few days. Requesting a car for hospital transport.,Orthopedics
"My sister is vomiting blood and feels extremely weak suddenly, just now. Can you send an ambulance immediately?",Gastroenterology
My grandmother is due for a cast removal appointment today. Please confirm a pickup time for the hospital visit.,Orthopedics
My daughter-in-law needs urgent care after a miscarriage since this afternoon. We need urgent transport to the hospital.,Obstetrics_Gynecology
A family friend has ongoing stomach ulcers and needs a checkup this week. Requesting a car for hospital transport.,Gastroenterology
"My wife is having tremors and difficulty walking for the past few hours. Please send transport right away, this is urgent.",Neurology
My husband has a severe nosebleed that won't stop for the past few hours. Can someone be sent to pick us up for the hospital?,ENT
My mother-in-law is undergoing chemotherapy and has a session scheduled. Requesting a car for hospital transport.,Oncology
"My husband twisted the ankle badly and it's very swollen suddenly, just now. Can you send an ambulance immediately?",Orthopedics
My wife has a bad ear infection with severe pain. Can you send an ambulance immediately?,ENT
My grandson has a bad cough and is having trouble breathing right now. We need urgent transport to the hospital.,Pediatrics
My brother has slurred speech and can't move one arm since this afternoon. We need help getting to the hospital quickly.,Neurology
My mother-in-law needs a follow-up after a urology procedure. Can someone be sent to pick us up for the hospital?,Urology
My father-in-law has severe lower back pain suspected to be kidney stones since this morning. We need help getting to the hospital quickly.,Nephrology_Dialysis
My father-in-law is unable to swallow properly due to a severely swollen throat since last night. We need help getting to the hospital quickly.,ENT
"My sister-in-law needs urgent care after a miscarriage since this morning. Please send transport right away, this is urgent.",Obstetrics_Gynecology
My mother-in-law is a known heart patient and is feeling severe chest discomfort since last night. We need help getting to the hospital quickly.,Cardiology
My sister is due for a routine urology checkup tomorrow. Could you arrange pickup for the scheduled hospital appointment?,Urology
My elderly neighbor has severe urinary retention and is in a lot of discomfort for the past few hours. We need help getting to the hospital quickly.,Urology
My uncle has been unusually withdrawn and not making sense when speaking this week. We need urgent transport to the hospital.,Psychiatry_MentalHealth
"My father-in-law needs oxygen support during transport to the hospital suddenly, just now. Need immediate pickup, this cannot wait.",Pulmonology
My grandfather is due for a dialysis session at the hospital. We need a vehicle to reach the hospital as soon as possible.,Nephrology_Dialysis
My aunt has severe joint pain from arthritis and can't reach the car tomorrow. Requesting a car for hospital transport.,Orthopedics
"A family friend is pregnant and having severe abdominal pain since this morning. Please send transport right away, this is urgent.",Obstetrics_Gynecology
My husband needs a wheelchair-accessible ride for a physiotherapy session this week. Please confirm a pickup time for the hospital visit.,Orthopedics
"My father-in-law has kidney failure and needs regular dialysis transport. Please send transport right away, this is urgent.",Nephrology_Dialysis
"My wife missed the last dialysis session and needs to go in urgently right now. Please send transport right away, this is urgent.",Nephrology_Dialysis
My mother-in-law is unconscious after a fall since last night. We need a vehicle to reach the hospital as soon as possible.,Emergency_Trauma
My uncle dislocated the shoulder while lifting something heavy right now. We need urgent transport to the hospital.,Orthopedics
My husband is feeling very breathless with chest pain for the past few hours. Requesting a car for hospital transport.,Cardiology
My father-in-law has swelling in the legs and reduced urination. Can you send an ambulance immediately?,Nephrology_Dialysis
My mother has recurring urinary tract infections and needs a checkup for the past few days. Please confirm a pickup time for the hospital visit.,Urology
My elderly neighbor has high blood pressure and is complaining of chest pressure for the past few hours. Please confirm a pickup time for the hospital visit.,Cardiology
My wife has blood in the urine and is very worried right now. We need urgent transport to the hospital.,Urology
My brother is bleeding heavily and going pale for the past few hours. Requesting a car for hospital transport.,Emergency_Trauma
"My brother is extremely weak after the last chemo session and needs help reaching the hospital since this afternoon. Need immediate pickup, this cannot wait.",Oncology
My father-in-law needs a routine consultation for chronic gastritis. Please book a ride to the hospital for the appointment.,Gastroenterology
"My grandfather has severe burning and pain during urination since this morning. Need immediate pickup, this cannot wait.",Urology
My baby is due for a routine pediatric checkup for the past few days. Please book a ride to the hospital for the appointment.,Pediatrics
My toddler fell off a bicycle and hurt the arm badly right now. We need a vehicle to reach the hospital as soon as possible.,Pediatrics
My mother-in-law is due for a follow-up after a recent lung infection tomorrow. Please arrange a wheelchair-accessible pickup.,Pulmonology
My niece is due for a routine pediatric checkup. Requesting a car for hospital transport.,Pediatrics
My father has recurring urinary tract infections and needs a checkup today. Please confirm a pickup time for the hospital visit.,Urology
My uncle has had a fever and body aches today. Please book a ride to the hospital for the appointment.,General_Medicine
My grandmother has chest tightness with pain spreading to the left arm right now. Please book a ride to the hospital for the appointment.,Cardiology
A family friend has asthma and is having a bad attack since this morning. We need help getting to the hospital quickly.,Pulmonology
My father-in-law has ongoing urinary difficulty and needs a urology consultation. We need urgent transport to the hospital.,Urology
My wife is due for a scheduled psychiatric follow-up appointment this week. Can someone be sent to pick us up for the hospital?,Psychiatry_MentalHealth
My colleague has a scheduled pulmonology follow-up appointment today. Please arrange a wheelchair-accessible pickup.,Pulmonology
"My uncle has blood in the urine and is very worried suddenly, just now. Can you send an ambulance immediately?",Urology
My grandfather has a scheduled dialysis appointment for the past few days. Requesting a car for hospital transport.,Nephrology_Dialysis
My brother is feeling very breathless with chest pain for the past few hours. We need help getting to the hospital quickly.,Cardiology
My father-in-law has severe knee pain and difficulty bearing weight. Can someone be sent to pick us up for the hospital?,Orthopedics
My sister is due for a follow-up after knee surgery this week. Please confirm a pickup time for the hospital visit.,Orthopedics
My father is due for a follow-up endoscopy appointment today. Please confirm a pickup time for the hospital visit.,Gastroenterology
"My husband missed the last dialysis session and needs to go in urgently since this afternoon. Please send transport right away, this is urgent.",Nephrology_Dialysis
"My colleague is having tremors and difficulty walking since this morning. Please send transport right away, this is urgent.",Neurology
"My colleague is hearing and seeing things that aren't there since this afternoon. Need immediate pickup, this cannot wait.",Psychiatry_MentalHealth
My granddaughter has a bad cough and is having trouble breathing. Requesting a car for hospital transport.,Pediatrics
My colleague is pregnant and experiencing heavy bleeding for the past few hours. We need help getting to the hospital quickly.,Obstetrics_Gynecology
My mother has general body weakness and wants to see a doctor since this morning. Please confirm a pickup time for the hospital visit.,General_Medicine
My colleague has a scheduled pulmonology follow-up appointment today. We need urgent transport to the hospital.,Pulmonology
My elderly neighbor stopped talking and eating and seems disoriented since last night. We need a vehicle to reach the hospital as soon as possible.,Psychiatry_MentalHealth
A family friend is due for a routine prenatal checkup. Could you arrange pickup for the scheduled hospital appointment?,Obstetrics_Gynecology
"My wife has ongoing stomach ulcers and needs a checkup this week. Please send transport right away, this is urgent.",Gastroenterology
My husband is due for a follow-up MRI for ongoing headaches this week. Please book a ride to the hospital for the appointment.,Neurology
A family friend is showing very aggressive and unusual behavior since last night. We need help getting to the hospital quickly.,Psychiatry_MentalHealth
My father has slurred speech and can't move one arm since this afternoon. We need help getting to the hospital quickly.,Neurology
My father-in-law has asthma and is having a bad attack. Requesting a car for hospital transport.,Pulmonology
My sister has blood in the urine and is very worried since last night. Can you send an ambulance immediately?,Urology
My grandmother needs transport for a scheduled oncology consultation for the past few days. We need help getting to the hospital quickly.,Oncology
My mother-in-law is scheduled for an angiography appointment. Please arrange a wheelchair-accessible pickup.,Cardiology
My mother-in-law has sudden weakness down one side of the body. Please book a ride to the hospital for the appointment.,Neurology
"My grandfather is extremely anxious and having trouble breathing due to stress. Need immediate pickup, this cannot wait.",Psychiatry_MentalHealth
My mother-in-law is not responding normally and seems disoriented right now. Could you arrange pickup for the scheduled hospital appointment?,Neurology
My mother has a bad ear infection with severe pain since this afternoon. Please book a ride to the hospital for the appointment.,ENT
A family friend has severe knee pain and difficulty bearing weight for the past few hours. Could you arrange pickup for the scheduled hospital appointment?,Orthopedics
My father has kidney failure and needs regular dialysis transport tomorrow. Please book a ride to the hospital for the appointment.,Nephrology_Dialysis
"My grandfather has a severe nosebleed that won't stop suddenly, just now. Could you arrange pickup for the scheduled hospital appointment?",ENT
My father-in-law has sudden severe pain in the upper stomach since this morning. Please confirm a pickup time for the hospital visit.,Gastroenterology
My colleague is having a severe panic attack and can't calm down. Can someone be sent to pick us up for the hospital?,Psychiatry_MentalHealth
My daughter has a rash all over the body and is very fussy right now. Could you arrange pickup for the scheduled hospital appointment?,Pediatrics
My mother-in-law is extremely anxious and having trouble breathing due to stress since this morning. Could you arrange pickup for the scheduled hospital appointment?,Psychiatry_MentalHealth
"My brother has multiple injuries after a fall from a ladder since this morning. Need immediate pickup, this cannot wait.",Emergency_Trauma
My colleague needs urgent care after a miscarriage since this morning. We need a vehicle to reach the hospital as soon as possible.,Obstetrics_Gynecology
"My aunt has severe pain related to ongoing cancer treatment suddenly, just now. Please arrange a wheelchair-accessible pickup.",Oncology
My colleague is extremely weak after the last chemo session and needs help reaching the hospital since last night. We need a vehicle to reach the hospital as soon as possible.,Oncology
My mother has sudden severe pain in the upper stomach since this morning. Can you send an ambulance immediately?,Gastroenterology
"A family friend needs oxygen support during transport to the hospital since this morning. Please send transport right away, this is urgent.",Pulmonology
"My wife is unable to swallow properly due to a severely swollen throat suddenly, just now. Please confirm a pickup time for the hospital visit.",ENT
A family friend is due for a liver function test tomorrow. Requesting a car for hospital transport.,Gastroenterology
My husband has severe joint pain from arthritis and can't reach the car for the past few days. Please confirm a pickup time for the hospital visit.,Orthopedics
My aunt has a scheduled pulmonology follow-up appointment tomorrow. Please arrange a wheelchair-accessible pickup.,Pulmonology
My mother-in-law has ongoing stomach ulcers and needs a checkup tomorrow. Please book a ride to the hospital for the appointment.,Gastroenterology
My colleague is not responding normally and seems disoriented since last night. We need a vehicle to reach the hospital as soon as possible.,Neurology
My mother-in-law is having tremors and difficulty walking right now. We need a vehicle to reach the hospital as soon as possible.,Neurology
My mother-in-law has severe pain in the hip and can't walk since last night. We need urgent transport to the hospital.,Orthopedics
My brother is extremely anxious and having trouble breathing due to stress right now. Please book a ride to the hospital for the appointment.,Psychiatry_MentalHealth
A family friend is having a severe allergic reaction and the face is swelling. Can you send an ambulance immediately?,Emergency_Trauma
My sister has a foreign object stuck in the ear. Requesting a car for hospital transport.,ENT
My father-in-law has ongoing sinus issues and needs an ENT checkup this week. Please arrange a wheelchair-accessible pickup.,ENT
My brother has a scheduled pulmonology follow-up appointment. Please book a ride to the hospital for the appointment.,Pulmonology
A family friend has been feeling unwell with a persistent cough and fatigue for the past few days. Could you arrange pickup for the scheduled hospital appointment?,General_Medicine
My niece is pregnant and having severe abdominal pain right now. Please book a ride to the hospital for the appointment.,Obstetrics_Gynecology
My wife is feeling very breathless with chest pain since this afternoon. Could you arrange pickup for the scheduled hospital appointment?,Cardiology
My brother is complaining of a heavy feeling in the chest and cold sweats right now. Please confirm a pickup time for the hospital visit.,Cardiology
My brother was hit by a motorbike and can't stand up right now. We need a vehicle to reach the hospital as soon as possible.,Emergency_Trauma
My aunt has asthma and is having a bad attack for the past few hours. Can you send an ambulance immediately?,Pulmonology
My husband suddenly can't speak properly and the face looks drooped on one side since this morning. Can someone be sent to pick us up for the hospital?,Neurology
My sister is showing very aggressive and unusual behavior since this morning. We need urgent transport to the hospital.,Psychiatry_MentalHealth
My grandmother is unable to swallow properly due to a severely swollen throat since this morning. We need help getting to the hospital quickly.,ENT
My husband has severe pain related to ongoing cancer treatment for the past few hours. We need urgent transport to the hospital.,Oncology
A family friend has a chemotherapy session booked. Could you arrange pickup for the scheduled hospital appointment?,Oncology
"My father-in-law has a fractured wrist from a fall for the past few hours. Need immediate pickup, this cannot wait.",Orthopedics
My colleague has a deep cut on the arm that won't stop bleeding. We need help getting to the hospital quickly.,Emergency_Trauma
"My elderly neighbor is extremely confused and not recognizing family members suddenly, just now. We need a vehicle to reach the hospital as soon as possible.",Psychiatry_MentalHealth
My sister is complaining of a heavy feeling in the chest and cold sweats since this afternoon. Please book a ride to the hospital for the appointment.,Cardiology
My mother has an irregular heartbeat and feels dizzy since this morning. We need help getting to the hospital quickly.,Cardiology
My grandmother is extremely confused and not recognizing family members. We need help getting to the hospital quickly.,Psychiatry_MentalHealth
"My colleague has severe pain related to ongoing cancer treatment suddenly, just now. We need help getting to the hospital quickly.",Oncology
"My father is having a severe allergic reaction and the face is swelling suddenly, just now. We need a vehicle to reach the hospital as soon as possible.",Emergency_Trauma
My grandmother is due for a dialysis session at the hospital this week. Please arrange a wheelchair-accessible pickup.,Nephrology_Dialysis
My elderly neighbor twisted the ankle badly and it's very swollen since this morning. We need urgent transport to the hospital.,Orthopedics
"My father has sudden severe pain in the groin area for the past few hours. Please send transport right away, this is urgent.",Urology
My elderly neighbor has severe urinary retention and is in a lot of discomfort right now. Requesting a car for hospital transport.,Urology
My father-in-law is hearing and seeing things that aren't there since this morning. We need a vehicle to reach the hospital as soon as possible.,Psychiatry_MentalHealth
My aunt is due for a liver function test tomorrow. We need a vehicle to reach the hospital as soon as possible.,Gastroenterology
My daughter is due for scheduled vaccinations. Can someone be sent to pick us up for the hospital?,Pediatrics
"My brother has sudden severe pain in the upper stomach right now. Please send transport right away, this is urgent.",Gastroenterology
My grandfather has a bad case of the flu and needs to see a doctor since this morning. Please confirm a pickup time for the hospital visit.,General_Medicine
My mother-in-law is due for a follow-up after a recent lung infection this week. We need help getting to the hospital quickly.,Pulmonology
My father-in-law has a scheduled dialysis appointment. Could you arrange pickup for the scheduled hospital appointment?,Nephrology_Dialysis
My daughter-in-law needs urgent care after a miscarriage since this morning. Please confirm a pickup time for the hospital visit.,Obstetrics_Gynecology
"My uncle is having tremors and difficulty walking for the past few hours. Please send transport right away, this is urgent.",Neurology
"A family friend is feeling weak and dizzy for no clear reason since this morning. Please send transport right away, this is urgent.",General_Medicine
"A family friend has severe sinus pain and pressure with fever for the past few hours. Please send transport right away, this is urgent.",ENT
My mother-in-law needs a routine checkup for managing diabetes medication for the past few days. Please confirm a pickup time for the hospital visit.,General_Medicine
My colleague is due for a scheduled psychiatric follow-up appointment. Please book a ride to the hospital for the appointment.,Psychiatry_MentalHealth
My mother has severe abdominal pain and can't stand up straight since this afternoon. We need help getting to the hospital quickly.,Gastroenterology
"A family friend has asthma and is having a bad attack since last night. Please send transport right away, this is urgent.",Pulmonology
My grandmother has severe sinus pain and pressure with fever since this morning. We need a vehicle to reach the hospital as soon as possible.,ENT
A family friend has a deep cut on the arm that won't stop bleeding since last night. Requesting a car for hospital transport.,Emergency_Trauma
My sister has high blood pressure and is complaining of chest pressure for the past few hours. Please arrange a wheelchair-accessible pickup.,Cardiology
My mother-in-law accidentally swallowed a cleaning chemical for the past few hours. Could you arrange pickup for the scheduled hospital appointment?,Emergency_Trauma
My elderly neighbor is bleeding heavily and going pale since this morning. Can you send an ambulance immediately?,Emergency_Trauma
My baby fell off a bicycle and hurt the arm badly since last night. We need help getting to the hospital quickly.,Pediatrics
My son has severe vomiting and diarrhea right now. Please confirm a pickup time for the hospital visit.,Pediatrics
"My niece needs urgent care after a miscarriage for the past few hours. Need immediate pickup, this cannot wait.",Obstetrics_Gynecology
My father-in-law is feeling very breathless with chest pain right now. Can you send an ambulance immediately?,Cardiology
My aunt needs a routine checkup for managing diabetes medication. Please book a ride to the hospital for the appointment.,General_Medicine
My colleague is complaining of a heavy feeling in the chest and cold sweats for the past few hours. Can you send an ambulance immediately?,Cardiology
"My mother-in-law has high blood pressure and is complaining of chest pressure suddenly, just now. Requesting a car for hospital transport.",Cardiology
My colleague fell from the roof and is not moving. Can you send an ambulance immediately?,Emergency_Trauma
"My mother-in-law is undergoing chemotherapy and has a session scheduled. Need immediate pickup, this cannot wait.",Oncology
"My colleague has slurred speech and can't move one arm. Need immediate pickup, this cannot wait.",Neurology
"My grandmother is retaining a lot of fluid and the doctor said to come in for dialysis suddenly, just now. We need help getting to the hospital quickly.",Nephrology_Dialysis
My father-in-law is complaining of a heavy feeling in the chest and cold sweats since this afternoon. Could you arrange pickup for the scheduled hospital appointment?,Cardiology
"My mother has a severe nosebleed that won't stop suddenly, just now. We need urgent transport to the hospital.",ENT
My mother-in-law has been unusually withdrawn and not making sense when speaking. Could you arrange pickup for the scheduled hospital appointment?,Psychiatry_MentalHealth
"My husband is complaining of a heavy feeling in the chest and cold sweats suddenly, just now. Need immediate pickup, this cannot wait.",Cardiology
My father is due for a dialysis session at the hospital. Can you send an ambulance immediately?,Nephrology_Dialysis
My uncle is unable to urinate and is in severe pain for the past few hours. Requesting a car for hospital transport.,Urology
My elderly neighbor is complaining of the worst headache of their life. We need a vehicle to reach the hospital as soon as possible.,Neurology
My sister-in-law needs urgent care after a miscarriage for the past few hours. We need a vehicle to reach the hospital as soon as possible.,Obstetrics_Gynecology
My daughter-in-law is due for a routine prenatal checkup this week. Please arrange a wheelchair-accessible pickup.,Obstetrics_Gynecology
A family friend is due for a scheduled psychiatric follow-up appointment. We need help getting to the hospital quickly.,Psychiatry_MentalHealth
My colleague has ongoing urinary difficulty and needs a urology consultation. We need a vehicle to reach the hospital as soon as possible.,Urology
"My sister is on home oxygen and the levels are dropping. Need immediate pickup, this cannot wait.",Pulmonology
My brother is hearing and seeing things that aren't there since this afternoon. Please arrange a wheelchair-accessible pickup.,Psychiatry_MentalHealth
"My mother suddenly lost vision in one eye for the past few hours. Please send transport right away, this is urgent.",Neurology
My mother dislocated the shoulder while lifting something heavy since last night. Please book a ride to the hospital for the appointment.,Orthopedics
"My father has an irregular heartbeat and feels dizzy. Need immediate pickup, this cannot wait.",Cardiology
My father-in-law has a bad ear infection with severe pain since this morning. Can you send an ambulance immediately?,ENT
My mother is scheduled for a routine oncology follow-up. Can someone be sent to pick us up for the hospital?,Oncology
My colleague has an irregular heartbeat and feels dizzy since this afternoon. Can you send an ambulance immediately?,Cardiology
"My husband fell down the stairs and the leg looks broken suddenly, just now. Requesting a car for hospital transport.",Orthopedics
My grandmother is due for a dialysis session at the hospital. We need help getting to the hospital quickly.,Nephrology_Dialysis
"My uncle needs oxygen support during transport to the hospital since last night. Need immediate pickup, this cannot wait.",Pulmonology
My brother has swelling in the legs and reduced urination since this afternoon. We need help getting to the hospital quickly.,Nephrology_Dialysis
My toddler has severe vomiting and diarrhea since this afternoon. We need a vehicle to reach the hospital as soon as possible.,Pediatrics
My granddaughter has a high fever and is unusually drowsy right now. We need urgent transport to the hospital.,Pediatrics
My uncle has slurred speech and can't move one arm since last night. We need a vehicle to reach the hospital as soon as possible.,Neurology
My colleague is feeling weak and dizzy for no clear reason since this afternoon. Can you send an ambulance immediately?,General_Medicine
My uncle is due for a scheduled psychiatric follow-up appointment. Please confirm a pickup time for the hospital visit.,Psychiatry_MentalHealth
"My little brother won't stop crying and isn't feeding well suddenly, just now. Please book a ride to the hospital for the appointment.",Pediatrics
My grandmother is feeling very breathless with chest pain since this afternoon. We need a vehicle to reach the hospital as soon as possible.,Cardiology
"My newborn accidentally swallowed a small object since this morning. Please send transport right away, this is urgent.",Pediatrics
My mother-in-law is badly injured after a car crash. We need a vehicle to reach the hospital as soon as possible.,Emergency_Trauma
My father has mild fever and wants a general physician consultation. We need urgent transport to the hospital.,General_Medicine
"My colleague had a heart attack last year and is feeling similar symptoms again suddenly, just now. Please send transport right away, this is urgent.",Cardiology
My mother is due for a follow-up endoscopy appointment this week. Please confirm a pickup time for the hospital visit.,Gastroenterology
My father-in-law has swelling in the legs and reduced urination since last night. Can you send an ambulance immediately?,Nephrology_Dialysis
My grandfather is extremely confused and not recognizing family members right now. Can you send an ambulance immediately?,Psychiatry_MentalHealth
"My brother needs a wheelchair-accessible ride for a physiotherapy session tomorrow. Need immediate pickup, this cannot wait.",Orthopedics
My uncle is due for a routine urology checkup for the past few days. Could you arrange pickup for the scheduled hospital appointment?,Urology
My uncle is due for a follow-up endoscopy appointment this week. Please book a ride to the hospital for the appointment.,Gastroenterology
My husband is due for a follow-up after ear surgery this week. Please arrange a wheelchair-accessible pickup.,ENT
My sister has been feeling unwell with a persistent cough and fatigue tomorrow. Can someone be sent to pick us up for the hospital?,General_Medicine
My brother has sudden severe pain in the groin area right now. We need a vehicle to reach the hospital as soon as possible.,Urology
My sister-in-law is pregnant and experiencing heavy bleeding since last night. Could you arrange pickup for the scheduled hospital appointment?,Obstetrics_Gynecology
My wife is not responding normally and seems disoriented since this afternoon. We need urgent transport to the hospital.,Neurology
"My mother-in-law has a bad ear infection with severe pain. Please send transport right away, this is urgent.",ENT
A family friend is in labor and needs to reach the hospital immediately since this morning. Please confirm a pickup time for the hospital visit.,Obstetrics_Gynecology
My mother-in-law has kidney failure and needs regular dialysis transport. Please book a ride to the hospital for the appointment.,Nephrology_Dialysis
My newborn fell off a bicycle and hurt the arm badly right now. Requesting a car for hospital transport.,Pediatrics
"My colleague is unable to urinate and is in severe pain suddenly, just now. We need help getting to the hospital quickly.",Urology
My granddaughter won't stop crying and isn't feeding well. Can you send an ambulance immediately?,Pediatrics
My uncle needs a cardiac checkup after recent palpitations for the past few days. Please confirm a pickup time for the hospital visit.,Cardiology
My father is having a severe panic attack and can't calm down since last night. Requesting a car for hospital transport.,Psychiatry_MentalHealth
My aunt is having a severe allergic reaction and the face is swelling for the past few hours. Can you send an ambulance immediately?,Emergency_Trauma
"My sister has sudden weakness down one side of the body right now. Please send transport right away, this is urgent.",Neurology
My mother is scheduled for a routine oncology follow-up this week. Requesting a car for hospital transport.,Oncology
"My aunt has black, tarry stools and is feeling dizzy since last night. Can someone be sent to pick us up for the hospital?",Gastroenterology
My colleague is a cancer patient and needs to go for radiotherapy. Please confirm a pickup time for the hospital visit.,Oncology
My colleague has a scheduled dialysis appointment. Please arrange a wheelchair-accessible pickup.,Nephrology_Dialysis
My wife is undergoing chemotherapy and has a session scheduled for the past few days. Requesting a car for hospital transport.,Oncology
My grandmother has a scheduled pulmonology follow-up appointment. Could you arrange pickup for the scheduled hospital appointment?,Pulmonology
My daughter-in-law is pregnant and experiencing heavy bleeding for the past few hours. We need urgent transport to the hospital.,Obstetrics_Gynecology
"My sister is unable to swallow properly due to a severely swollen throat suddenly, just now. Please send transport right away, this is urgent.",ENT
My elderly neighbor needs a cardiac checkup after recent palpitations. Requesting a car for hospital transport.,Cardiology
My wife missed the last dialysis session and needs to go in urgently since last night. We need a vehicle to reach the hospital as soon as possible.,Nephrology_Dialysis
My husband is having a severe allergic reaction and the face is swelling. Can you send an ambulance immediately?,Emergency_Trauma
My mother-in-law has asthma and is having a bad attack for the past few hours. Please arrange a wheelchair-accessible pickup.,Pulmonology
"My grandmother got badly burned in a kitchen accident suddenly, just now. Can you send an ambulance immediately?",Emergency_Trauma
"My grandfather hurt the back badly while working and can't sit up since last night. Need immediate pickup, this cannot wait.",Orthopedics
"My uncle has a broken bone visible after an accident since last night. Need immediate pickup, this cannot wait.",Emergency_Trauma
My father needs a routine consultation for chronic gastritis for the past few days. Please confirm a pickup time for the hospital visit.,Gastroenterology
"My sister is scheduled for a fistula checkup before dialysis this week. Need immediate pickup, this cannot wait.",Nephrology_Dialysis
My wife is a cancer patient and needs to go for radiotherapy. Please book a ride to the hospital for the appointment.,Oncology
My sister has a chemotherapy session booked today. Could you arrange pickup for the scheduled hospital appointment?,Oncology
My sister has a bad ear infection with severe pain since this afternoon. We need a vehicle to reach the hospital as soon as possible.,ENT
My husband has COPD and is struggling to breathe since this afternoon. Please arrange a wheelchair-accessible pickup.,Pulmonology
My grandmother needs a routine checkup for managing diabetes medication for the past few days. Requesting a car for hospital transport.,General_Medicine
"My mother has severe burning and pain during urination suddenly, just now. We need help getting to the hospital quickly.",Urology
"My grandfather dislocated the shoulder while lifting something heavy since this morning. Please send transport right away, this is urgent.",Orthopedics
My uncle is scheduled for a routine oncology follow-up for the past few days. Please book a ride to the hospital for the appointment.,Oncology
"My sister suddenly can't speak properly and the face looks drooped on one side suddenly, just now. Need immediate pickup, this cannot wait.",Neurology
My cousin is pregnant and having severe abdominal pain since last night. We need a vehicle to reach the hospital as soon as possible.,Obstetrics_Gynecology
My grandmother is badly injured after a car crash since last night. We need a vehicle to reach the hospital as soon as possible.,Emergency_Trauma
My grandfather is unable to swallow properly due to a severely swollen throat for the past few hours. Please book a ride to the hospital for the appointment.,ENT
"My uncle has multiple injuries after a fall from a ladder suddenly, just now. Could you arrange pickup for the scheduled hospital appointment?",Emergency_Trauma
My elderly neighbor is feeling very breathless with chest pain. We need help getting to the hospital quickly.,Cardiology
My brother is complaining of a heavy feeling in the chest and cold sweats since this morning. We need a vehicle to reach the hospital as soon as possible.,Cardiology
My aunt is due for a dialysis session at the hospital for the past few days. Please book a ride to the hospital for the appointment.,Nephrology_Dialysis
"My daughter has a rash all over the body and is very fussy suddenly, just now. Can you send an ambulance immediately?",Pediatrics
My father-in-law needs an urgent psychiatric evaluation after a sudden change in behavior for the past few hours. We need urgent transport to the hospital.,Psychiatry_MentalHealth
My wife has swelling in the legs and reduced urination right now. We need a vehicle to reach the hospital as soon as possible.,Nephrology_Dialysis
My husband needs an urgent psychiatric evaluation after a sudden change in behavior. Please book a ride to the hospital for the appointment.,Psychiatry_MentalHealth
"My little sister won't stop crying and isn't feeding well right now. Please send transport right away, this is urgent.",Pediatrics
My niece needs urgent care after a miscarriage since this afternoon. We need help getting to the hospital quickly.,Obstetrics_Gynecology
"My aunt has a pacemaker and is not feeling right since this morning. Need immediate pickup, this cannot wait.",Cardiology
My aunt has chronic tonsillitis and needs a specialist consultation tomorrow. Can someone be sent to pick us up for the hospital?,ENT
My wife has a scheduled pulmonology follow-up appointment tomorrow. Can someone be sent to pick us up for the hospital?,Pulmonology
My mother is due for a cast removal appointment. Requesting a car for hospital transport.,Orthopedics
"My father is a known heart patient and is feeling severe chest discomfort suddenly, just now. Please send transport right away, this is urgent.",Cardiology
My elderly neighbor has a scheduled pulmonology follow-up appointment for the past few days. Could you arrange pickup for the scheduled hospital appointment?,Pulmonology
My husband is wheezing badly and can't catch a breath right now. We need help getting to the hospital quickly.,Pulmonology
My grandmother has multiple injuries after a fall from a ladder since this morning. Please book a ride to the hospital for the appointment.,Emergency_Trauma
My grandmother is scheduled for a routine oncology follow-up this week. Can you send an ambulance immediately?,Oncology
My grandmother is feeling very breathless with chest pain since this afternoon. Can someone be sent to pick us up for the hospital?,Cardiology
"My mother is having tremors and difficulty walking suddenly, just now. Please send transport right away, this is urgent.",Neurology
My brother has a scheduled pulmonology follow-up appointment tomorrow. Could you arrange pickup for the scheduled hospital appointment?,Pulmonology
My wife suddenly can't speak properly and the face looks drooped on one side right now. Please arrange a wheelchair-accessible pickup.,Neurology
"My mother has severe lower back pain suspected to be kidney stones since this afternoon. Please send transport right away, this is urgent.",Nephrology_Dialysis
A family friend was injured when a wall collapsed nearby since this morning. Can you send an ambulance immediately?,Emergency_Trauma
My uncle has severe joint pain from arthritis and can't reach the car this week. We need a vehicle to reach the hospital as soon as possible.,Orthopedics
My grandfather is scheduled for a routine oncology follow-up for the past few days. Requesting a car for hospital transport.,Oncology
My uncle needs a wheelchair-accessible ride for a physiotherapy session. Requesting a car for hospital transport.,Orthopedics
"My aunt is having a severe allergic reaction and the face is swelling suddenly, just now. We need urgent transport to the hospital.",Emergency_Trauma
My colleague is pregnant and feeling severe dizziness and cramping right now. Can someone be sent to pick us up for the hospital?,Obstetrics_Gynecology
My niece is in labor and needs to reach the hospital immediately since last night. Please confirm a pickup time for the hospital visit.,Obstetrics_Gynecology
My father accidentally swallowed a cleaning chemical since this afternoon. We need urgent transport to the hospital.,Emergency_Trauma
My colleague needs a hearing test appointment this week. Can someone be sent to pick us up for the hospital?,ENT
My father is due for a follow-up after knee surgery today. Please arrange a wheelchair-accessible pickup.,Orthopedics
My sister-in-law is pregnant and feeling severe dizziness and cramping. Can someone be sent to pick us up for the hospital?,Obstetrics_Gynecology
My grandmother has chronic back pain and can barely move around. Please arrange a wheelchair-accessible pickup.,Orthopedics
My mother has severe joint pain from arthritis and can't reach the car. Please confirm a pickup time for the hospital visit.,Orthopedics
My brother has a chemotherapy session booked today. Can someone be sent to pick us up for the hospital?,Oncology
My father has a severe nosebleed that won't stop for the past few hours. We need a vehicle to reach the hospital as soon as possible.,ENT
"My father-in-law has asthma and is having a bad attack since this morning. Need immediate pickup, this cannot wait.",Pulmonology
My brother has kidney failure and needs regular dialysis transport this week. Requesting a car for hospital transport.,Nephrology_Dialysis
My father-in-law is due for a routine urology checkup for the past few days. Please book a ride to the hospital for the appointment.,Urology
My aunt dislocated the shoulder while lifting something heavy. We need help getting to the hospital quickly.,Orthopedics
My grandson is due for scheduled vaccinations this week. Could you arrange pickup for the scheduled hospital appointment?,Pediatrics
My brother is due for a routine blood test appointment tomorrow. Requesting a car for hospital transport.,General_Medicine
My newborn had an allergic reaction after eating something since last night. We need urgent transport to the hospital.,Pediatrics
My aunt is wheezing badly and can't catch a breath for the past few hours. Can you send an ambulance immediately?,Pulmonology
"A family friend has been vomiting continuously since last night. Need immediate pickup, this cannot wait.",Gastroenterology
"My aunt is unable to urinate and is in severe pain. Please send transport right away, this is urgent.",Urology
"My mother-in-law has swelling in the legs and reduced urination right now. Need immediate pickup, this cannot wait.",Nephrology_Dialysis
My wife has severe lower back pain suspected to be kidney stones right now. Please confirm a pickup time for the hospital visit.,Nephrology_Dialysis
My mother is due for a routine blood test appointment. Please confirm a pickup time for the hospital visit.,General_Medicine
"A family friend has severe urinary retention and is in a lot of discomfort suddenly, just now. We need urgent transport to the hospital.",Urology
My sister is a cancer patient and needs to go for radiotherapy this week. Can someone be sent to pick us up for the hospital?,Oncology
"My father fell from the roof and is not moving suddenly, just now. Please confirm a pickup time for the hospital visit.",Emergency_Trauma
"My husband has severe pain related to ongoing cancer treatment suddenly, just now. We need a vehicle to reach the hospital as soon as possible.",Oncology
"My husband has COPD and is struggling to breathe suddenly, just now. Could you arrange pickup for the scheduled hospital appointment?",Pulmonology
My husband is due for a cast removal appointment this week. Please confirm a pickup time for the hospital visit.,Orthopedics
My husband needs a follow-up after a urology procedure tomorrow. Requesting a car for hospital transport.,Urology
"My father is having severe chest pain and sweating heavily suddenly, just now. Please arrange a wheelchair-accessible pickup.",Cardiology
My elderly neighbor has numbness on one side of the face and arm since this afternoon. We need a vehicle to reach the hospital as soon as possible.,Neurology
My aunt is having a severe panic attack and can't calm down since this afternoon. Please arrange a wheelchair-accessible pickup.,Psychiatry_MentalHealth
My grandmother has severe sinus pain and pressure with fever since this morning. Please confirm a pickup time for the hospital visit.,ENT
My mother has recurring urinary tract infections and needs a checkup. Please confirm a pickup time for the hospital visit.,Urology
"My sister has black, tarry stools and is feeling dizzy. We need help getting to the hospital quickly.",Gastroenterology
"My niece is pregnant and the water just broke since this afternoon. Need immediate pickup, this cannot wait.",Obstetrics_Gynecology
My colleague is due for a routine gynecology consultation today. Can someone be sent to pick us up for the hospital?,Obstetrics_Gynecology
My wife is feeling very breathless with chest pain for the past few hours. We need help getting to the hospital quickly.,Cardiology
My elderly neighbor is scheduled for a routine oncology follow-up for the past few days. Can someone be sent to pick us up for the hospital?,Oncology
My brother is unconscious after a fall since this afternoon. Can you send an ambulance immediately?,Emergency_Trauma
"My father-in-law is wheezing badly and can't catch a breath since this morning. Please send transport right away, this is urgent.",Pulmonology
My husband has slurred speech and can't move one arm for the past few hours. Can you send an ambulance immediately?,Neurology
My son is due for a routine pediatric checkup. Could you arrange pickup for the scheduled hospital appointment?,Pediatrics
My father is due for a follow-up scan after cancer treatment today. Please confirm a pickup time for the hospital visit.,Oncology
My father has a bad case of the flu and needs to see a doctor since this afternoon. Can you send an ambulance immediately?,General_Medicine
My mother has severe sinus pain and pressure with fever. We need help getting to the hospital quickly.,ENT
My uncle fell from the roof and is not moving. We need a vehicle to reach the hospital as soon as possible.,Emergency_Trauma
My brother has severe burning and pain during urination. Please confirm a pickup time for the hospital visit.,Urology
My brother suddenly lost vision in one eye since this morning. Please confirm a pickup time for the hospital visit.,Neurology
"My granddaughter fell off a bicycle and hurt the arm badly suddenly, just now. Need immediate pickup, this cannot wait.",Pediatrics
My husband is due for a dialysis session at the hospital. Can someone be sent to pick us up for the hospital?,Nephrology_Dialysis
My wife is feeling weak and dizzy for no clear reason since this morning. Could you arrange pickup for the scheduled hospital appointment?,General_Medicine
My daughter-in-law is due for a routine prenatal checkup this week. Can someone be sent to pick us up for the hospital?,Obstetrics_Gynecology
My sister is due for a routine gynecology consultation this week. Can someone be sent to pick us up for the hospital?,Obstetrics_Gynecology
My colleague is having tremors and difficulty walking. We need a vehicle to reach the hospital as soon as possible.,Neurology
"My grandfather is retaining a lot of fluid and the doctor said to come in for dialysis suddenly, just now. Please send transport right away, this is urgent.",Nephrology_Dialysis
My grandfather has had a fever and body aches tomorrow. We need a vehicle to reach the hospital as soon as possible.,General_Medicine
My grandfather needs transport for a scheduled oncology consultation tomorrow. Can someone be sent to pick us up for the hospital?,Oncology
My elderly neighbor is feeling very breathless with chest pain since this afternoon. Please book a ride to the hospital for the appointment.,Cardiology
My uncle has a pacemaker and is not feeling right since this afternoon. We need a vehicle to reach the hospital as soon as possible.,Cardiology
My husband has a persistent cough and chest congestion for the past few days. Can you send an ambulance immediately?,Pulmonology
A family friend is in labor and needs to reach the hospital immediately since this morning. We need a vehicle to reach the hospital as soon as possible.,Obstetrics_Gynecology
My mother-in-law needs oxygen support during transport to the hospital since last night. Can someone be sent to pick us up for the hospital?,Pulmonology
"A family friend missed the last dialysis session and needs to go in urgently. Please send transport right away, this is urgent.",Nephrology_Dialysis
My niece is due for a routine gynecology consultation tomorrow. Please book a ride to the hospital for the appointment.,Obstetrics_Gynecology
"My mother has numbness on one side of the face and arm suddenly, just now. We need a vehicle to reach the hospital as soon as possible.",Neurology
My father is scheduled for a routine oncology follow-up this week. Please confirm a pickup time for the hospital visit.,Oncology
My brother fell from the roof and is not moving since last night. Please confirm a pickup time for the hospital visit.,Emergency_Trauma
"My father-in-law has kidney failure and needs regular dialysis transport for the past few days. Need immediate pickup, this cannot wait.",Nephrology_Dialysis
My uncle has severe abdominal pain and can't stand up straight since last night. Can someone be sent to pick us up for the hospital?,Gastroenterology
My father needs a hearing test appointment today. We need urgent transport to the hospital.,ENT
My mother-in-law fainted and is confused right now. Can you send an ambulance immediately?,Neurology
My father-in-law has sudden severe pain in the upper stomach since this afternoon. Can someone be sent to pick us up for the hospital?,Gastroenterology
My brother is due for a follow-up after knee surgery tomorrow. Requesting a car for hospital transport.,Orthopedics
My elderly neighbor has severe burning and pain during urination for the past few hours. We need a vehicle to reach the hospital as soon as possible.,Urology
My father is hearing and seeing things that aren't there. Can you send an ambulance immediately?,Psychiatry_MentalHealth
My grandmother has severe diarrhea and is becoming dehydrated right now. Please arrange a wheelchair-accessible pickup.,Gastroenterology
"My little brother is due for scheduled vaccinations tomorrow. Please send transport right away, this is urgent.",Pediatrics
My grandmother has asthma and is having a bad attack for the past few hours. Please arrange a wheelchair-accessible pickup.,Pulmonology
My grandfather was injured when a wall collapsed nearby since this afternoon. Requesting a car for hospital transport.,Emergency_Trauma
My son had an allergic reaction after eating something. We need help getting to the hospital quickly.,Pediatrics
My wife has a pacemaker and is not feeling right right now. We need urgent transport to the hospital.,Cardiology
My brother needs a follow-up appointment for thyroid medication for the past few days. Please confirm a pickup time for the hospital visit.,General_Medicine
My uncle fell down the stairs and the leg looks broken since last night. We need a vehicle to reach the hospital as soon as possible.,Orthopedics
"My father is on home oxygen and the levels are dropping since last night. Need immediate pickup, this cannot wait.",Pulmonology
"My grandfather has severe diarrhea and is becoming dehydrated since this afternoon. Please send transport right away, this is urgent.",Gastroenterology
"A family friend has severe burning and pain during urination since last night. Need immediate pickup, this cannot wait.",Urology
My newborn has a very high fever that won't come down since this morning. Can you send an ambulance immediately?,Pediatrics
My father has kidney failure and needs regular dialysis transport tomorrow. Requesting a car for hospital transport.,Nephrology_Dialysis
"My sister is due for a routine blood test appointment. Need immediate pickup, this cannot wait.",General_Medicine
My father-in-law is due for a follow-up MRI for ongoing headaches for the past few days. We need help getting to the hospital quickly.,Neurology
My grandmother has kidney failure and needs regular dialysis transport tomorrow. Please arrange a wheelchair-accessible pickup.,Nephrology_Dialysis
My sister is in labor and needs to reach the hospital immediately. Can someone be sent to pick us up for the hospital?,Obstetrics_Gynecology
A family friend has severe sinus pain and pressure with fever for the past few hours. We need help getting to the hospital quickly.,ENT
My grandmother has chronic tonsillitis and needs a specialist consultation today. We need urgent transport to the hospital.,ENT
My uncle is scheduled for a fistula checkup before dialysis. Please book a ride to the hospital for the appointment.,Nephrology_Dialysis
My wife twisted the ankle badly and it's very swollen. We need urgent transport to the hospital.,Orthopedics
"My aunt has numbness on one side of the face and arm suddenly, just now. Need immediate pickup, this cannot wait.",Neurology
"My grandmother had a heart attack last year and is feeling similar symptoms again suddenly, just now. We need a vehicle to reach the hospital as soon as possible.",Cardiology
My daughter fell off a bicycle and hurt the arm badly since this afternoon. Can you send an ambulance immediately?,Pediatrics
My father-in-law had a heart attack last year and is feeling similar symptoms again since last night. We need urgent transport to the hospital.,Cardiology
"My brother has ongoing urinary difficulty and needs a urology consultation this week. Please send transport right away, this is urgent.",Urology
"My husband is on home oxygen and the levels are dropping suddenly, just now. We need a vehicle to reach the hospital as soon as possible.",Pulmonology
My father-in-law is due for a biopsy appointment tomorrow. Please book a ride to the hospital for the appointment.,Oncology
My colleague has sudden severe pain in the groin area since this morning. Please arrange a wheelchair-accessible pickup.,Urology
My nephew won't stop crying and isn't feeding well since this afternoon. Requesting a car for hospital transport.,Pediatrics
My mother-in-law has severe burning and pain during urination since this afternoon. We need urgent transport to the hospital.,Urology
My father-in-law has severe joint pain from arthritis and can't reach the car today. Please arrange a wheelchair-accessible pickup.,Orthopedics
My mother has been vomiting continuously for the past few hours. Requesting a car for hospital transport.,Gastroenterology
My father has ongoing urinary difficulty and needs a urology consultation for the past few days. Requesting a car for hospital transport.,Urology
My elderly neighbor has a deep cut on the arm that won't stop bleeding since this afternoon. Can you send an ambulance immediately?,Emergency_Trauma
My uncle is scheduled for an angiography appointment for the past few days. Please arrange a wheelchair-accessible pickup.,Cardiology
My baby fell off a bicycle and hurt the arm badly right now. Can you send an ambulance immediately?,Pediatrics
My grandfather is having severe chest pain and sweating heavily since this morning. Please book a ride to the hospital for the appointment.,Cardiology
My father-in-law is due for a follow-up after ear surgery tomorrow. Please confirm a pickup time for the hospital visit.,ENT
My mother-in-law is unable to swallow properly due to a severely swollen throat for the past few hours. We need help getting to the hospital quickly.,ENT
My mother has severe abdominal pain and can't stand up straight since last night. Please confirm a pickup time for the hospital visit.,Gastroenterology
My husband has asthma and is having a bad attack right now. We need a vehicle to reach the hospital as soon as possible.,Pulmonology
My niece is due for a routine gynecology consultation today. Please confirm a pickup time for the hospital visit.,Obstetrics_Gynecology
"A family friend is pregnant and the water just broke since this morning. Need immediate pickup, this cannot wait.",Obstetrics_Gynecology
My brother has a deep cut on the arm that won't stop bleeding for the past few hours. We need urgent transport to the hospital.,Emergency_Trauma
My colleague has severe sinus pain and pressure with fever right now. We need help getting to the hospital quickly.,ENT
My sister is due for a routine gynecology consultation tomorrow. Please book a ride to the hospital for the appointment.,Obstetrics_Gynecology
My brother was injured when a wall collapsed nearby right now. Could you arrange pickup for the scheduled hospital appointment?,Emergency_Trauma
A family friend is badly injured after a car crash for the past few hours. Can you send an ambulance immediately?,Emergency_Trauma
"My aunt is due for a follow-up after recent heart surgery tomorrow. Need immediate pickup, this cannot wait.",Cardiology
My grandfather has uncontrolled diabetes and needs a checkup for the past few days. Please confirm a pickup time for the hospital visit.,General_Medicine
My husband needs a follow-up appointment for thyroid medication. We need a vehicle to reach the hospital as soon as possible.,General_Medicine
"My niece has a very high fever that won't come down suddenly, just now. Please book a ride to the hospital for the appointment.",Pediatrics
"My aunt has severe abdominal pain and can't stand up straight suddenly, just now. Need immediate pickup, this cannot wait.",Gastroenterology
"My colleague has severe burning and pain during urination suddenly, just now. Can you send an ambulance immediately?",Urology
My elderly neighbor is scheduled for a fistula checkup before dialysis. Please arrange a wheelchair-accessible pickup.,Nephrology_Dialysis
My daughter had an allergic reaction after eating something since last night. We need a vehicle to reach the hospital as soon as possible.,Pediatrics
"My wife is having severe chest pain and sweating heavily since this morning. Please send transport right away, this is urgent.",Cardiology
My aunt is a cancer patient and needs to go for radiotherapy. Can someone be sent to pick us up for the hospital?,Oncology
My mother has a severe nosebleed that won't stop since last night. We need help getting to the hospital quickly.,ENT
My uncle has chronic acid reflux and needs a gastroenterology consultation this week. Please confirm a pickup time for the hospital visit.,Gastroenterology
My elderly neighbor has severe abdominal pain and can't stand up straight. Please confirm a pickup time for the hospital visit.,Gastroenterology
My grandfather was in a road accident and is bleeding heavily since last night. Could you arrange pickup for the scheduled hospital appointment?,Emergency_Trauma
"My sister is due for a routine blood test appointment tomorrow. Please send transport right away, this is urgent.",General_Medicine
"My colleague has a foreign object stuck in the ear since last night. Need immediate pickup, this cannot wait.",ENT
My elderly neighbor has COPD and is struggling to breathe since this afternoon. We need a vehicle to reach the hospital as soon as possible.,Pulmonology
My mother-in-law has a severe head injury after a fall since last night. Please book a ride to the hospital for the appointment.,Emergency_Trauma
My father-in-law has ongoing sinus issues and needs an ENT checkup today. We need a vehicle to reach the hospital as soon as possible.,ENT
"My husband has severe knee pain and difficulty bearing weight suddenly, just now. We need help getting to the hospital quickly.",Orthopedics
My mother-in-law has an irregular heartbeat and feels dizzy for the past few hours. Please confirm a pickup time for the hospital visit.,Cardiology
My granddaughter has a rash all over the body and is very fussy since last night. Please book a ride to the hospital for the appointment.,Pediatrics
"My father-in-law has severe burning and pain during urination since this morning. Need immediate pickup, this cannot wait.",Urology
My elderly neighbor twisted the ankle badly and it's very swollen. Requesting a car for hospital transport.,Orthopedics
My aunt is extremely weak after the last chemo session and needs help reaching the hospital for the past few hours. Can someone be sent to pick us up for the hospital?,Oncology
My husband needs a routine consultation for chronic gastritis today. Please confirm a pickup time for the hospital visit.,Gastroenterology
My husband has ongoing stomach ulcers and needs a checkup tomorrow. Could you arrange pickup for the scheduled hospital appointment?,Gastroenterology
My elderly neighbor has severe diarrhea and is becoming dehydrated for the past few hours. We need a vehicle to reach the hospital as soon as possible.,Gastroenterology
My colleague is due for a scheduled ultrasound appointment. Please arrange a wheelchair-accessible pickup.,Obstetrics_Gynecology
"My mother is extremely anxious and having trouble breathing due to stress since last night. Need immediate pickup, this cannot wait.",Psychiatry_MentalHealth
"My colleague has numbness on one side of the face and arm suddenly, just now. Requesting a car for hospital transport.",Neurology
My son fell off a bicycle and hurt the arm badly since this morning. We need help getting to the hospital quickly.,Pediatrics
"My sister is pregnant and experiencing heavy bleeding suddenly, just now. Need immediate pickup, this cannot wait.",Obstetrics_Gynecology
My daughter has a very high fever that won't come down right now. Please confirm a pickup time for the hospital visit.,Pediatrics
"My father-in-law has severe lower back pain suspected to be kidney stones right now. Need immediate pickup, this cannot wait.",Nephrology_Dialysis
My wife needs a routine consultation for chronic gastritis today. Can someone be sent to pick us up for the hospital?,Gastroenterology
My uncle needs transport for a scheduled oncology consultation this week. Please book a ride to the hospital for the appointment.,Oncology
My elderly neighbor has severe diarrhea and is becoming dehydrated for the past few hours. We need help getting to the hospital quickly.,Gastroenterology
A family friend needs a routine consultation for chronic gastritis tomorrow. Can you send an ambulance immediately?,Gastroenterology
My husband is a known heart patient and is feeling severe chest discomfort. We need help getting to the hospital quickly.,Cardiology
My colleague is on home oxygen and the levels are dropping right now. We need a vehicle to reach the hospital as soon as possible.,Pulmonology
My mother has numbness on one side of the face and arm since this afternoon. Please book a ride to the hospital for the appointment.,Neurology
"My grandmother has sudden weakness down one side of the body. Please send transport right away, this is urgent.",Neurology
A family friend needs a follow-up appointment for thyroid medication tomorrow. Could you arrange pickup for the scheduled hospital appointment?,General_Medicine
My elderly neighbor is having a seizure right now. Can you send an ambulance immediately?,Neurology
My husband has uncontrolled diabetes and needs a checkup. Please arrange a wheelchair-accessible pickup.,General_Medicine
My grandmother has been vomiting continuously. Can you send an ambulance immediately?,Gastroenterology
My niece is pregnant and having severe abdominal pain since this afternoon. Please book a ride to the hospital for the appointment.,Obstetrics_Gynecology
"My uncle has sudden severe pain in the groin area suddenly, just now. Please send transport right away, this is urgent.",Urology
My uncle is wheezing badly and can't catch a breath since this morning. Can you send an ambulance immediately?,Pulmonology
My father-in-law needs a wheelchair-accessible ride for a physiotherapy session for the past few days. Please confirm a pickup time for the hospital visit.,Orthopedics
A family friend is extremely anxious and having trouble breathing due to stress right now. Requesting a car for hospital transport.,Psychiatry_MentalHealth
My grandfather is due for a biopsy appointment for the past few days. Can someone be sent to pick us up for the hospital?,Oncology
My elderly neighbor was injured when a wall collapsed nearby. Can you send an ambulance immediately?,Emergency_Trauma
My grandfather was injured when a wall collapsed nearby right now. Can you send an ambulance immediately?,Emergency_Trauma
My uncle stopped talking and eating and seems disoriented right now. Can you send an ambulance immediately?,Psychiatry_MentalHealth
My aunt has severe pain related to ongoing cancer treatment for the past few hours. We need a vehicle to reach the hospital as soon as possible.,Oncology
"My uncle fell down the stairs and the leg looks broken since last night. Need immediate pickup, this cannot wait.",Orthopedics
A family friend has severe burning and pain during urination right now. Can you send an ambulance immediately?,Urology
My elderly neighbor needs a wheelchair-accessible ride for a physiotherapy session. Please arrange a wheelchair-accessible pickup.,Orthopedics
My mother has swelling in the legs and reduced urination for the past few hours. We need help getting to the hospital quickly.,Nephrology_Dialysis
My mother needs oxygen support during transport to the hospital since this afternoon. We need help getting to the hospital quickly.,Pulmonology
My mother has numbness on one side of the face and arm for the past few hours. We need a vehicle to reach the hospital as soon as possible.,Neurology
A family friend needs a follow-up after a urology procedure this week. Please confirm a pickup time for the hospital visit.,Urology
"My elderly neighbor has black, tarry stools and is feeling dizzy since last night. We need help getting to the hospital quickly.",Gastroenterology
"My father has ongoing stomach ulcers and needs a checkup. Please send transport right away, this is urgent.",Gastroenterology
My grandmother has severe pain related to ongoing cancer treatment since this afternoon. Requesting a car for hospital transport.,Oncology
My aunt stopped talking and eating and seems disoriented since last night. We need a vehicle to reach the hospital as soon as possible.,Psychiatry_MentalHealth
My colleague has numbness on one side of the face and arm. We need urgent transport to the hospital.,Neurology
"My grandmother has a scheduled dialysis appointment this week. Please send transport right away, this is urgent.",Nephrology_Dialysis
My uncle has severe pain in the hip and can't walk since this afternoon. We need urgent transport to the hospital.,Orthopedics
A family friend is due for a routine blood test appointment this week. Please confirm a pickup time for the hospital visit.,General_Medicine
My elderly neighbor is unable to urinate and is in severe pain since last night. Can you send an ambulance immediately?,Urology
My uncle has chronic back pain and can barely move around for the past few days. Please arrange a wheelchair-accessible pickup.,Orthopedics
My father has ongoing urinary difficulty and needs a urology consultation for the past few days. Can someone be sent to pick us up for the hospital?,Urology
"My elderly neighbor is due for a follow-up scan after cancer treatment for the past few days. Please send transport right away, this is urgent.",Oncology
My grandfather has uncontrolled diabetes and needs a checkup tomorrow. Please arrange a wheelchair-accessible pickup.,General_Medicine
My newborn fell off a bicycle and hurt the arm badly since last night. Can you send an ambulance immediately?,Pediatrics
My wife has been vomiting continuously right now. We need help getting to the hospital quickly.,Gastroenterology
My aunt fell down the stairs and the leg looks broken since this afternoon. We need a vehicle to reach the hospital as soon as possible.,Orthopedics
My uncle has severe lower back pain suspected to be kidney stones. Could you arrange pickup for the scheduled hospital appointment?,Nephrology_Dialysis
My sister needs to go for a kidney function checkup tomorrow. We need urgent transport to the hospital.,Nephrology_Dialysis
My grandfather needs to go for a kidney function checkup today. Could you arrange pickup for the scheduled hospital appointment?,Nephrology_Dialysis
My father-in-law is due for a routine urology checkup tomorrow. We need urgent transport to the hospital.,Urology
"My elderly neighbor accidentally swallowed a cleaning chemical suddenly, just now. Can someone be sent to pick us up for the hospital?",Emergency_Trauma
My uncle is having severe chest pain and sweating heavily for the past few hours. Please book a ride to the hospital for the appointment.,Cardiology
My father is wheezing badly and can't catch a breath since this afternoon. Please book a ride to the hospital for the appointment.,Pulmonology
My baby won't stop crying and isn't feeding well since last night. We need help getting to the hospital quickly.,Pediatrics
My elderly neighbor is complaining of the worst headache of their life since last night. Can you send an ambulance immediately?,Neurology
"My mother has a foreign object stuck in the ear since this morning. Need immediate pickup, this cannot wait.",ENT
My father was injured when a wall collapsed nearby since this afternoon. We need urgent transport to the hospital.,Emergency_Trauma
My sister is due for a cast removal appointment this week. We need urgent transport to the hospital.,Orthopedics
My sister needs a routine checkup for ongoing hypertension. We need a vehicle to reach the hospital as soon as possible.,General_Medicine
"My colleague is feeling weak and dizzy for no clear reason. Need immediate pickup, this cannot wait.",General_Medicine
My brother is scheduled for a routine oncology follow-up tomorrow. Requesting a car for hospital transport.,Oncology
My colleague fainted and is confused since last night. Could you arrange pickup for the scheduled hospital appointment?,Neurology
My aunt has high blood pressure and is complaining of chest pressure for the past few hours. We need urgent transport to the hospital.,Cardiology
"My mother-in-law has sudden hearing loss in one ear since this morning. Please send transport right away, this is urgent.",ENT
"My daughter has a high fever and is unusually drowsy since last night. Please send transport right away, this is urgent.",Pediatrics
My grandfather needs to go for a kidney function checkup. Requesting a car for hospital transport.,Nephrology_Dialysis
My grandmother is due for a liver function test this week. Can someone be sent to pick us up for the hospital?,Gastroenterology
My brother has numbness on one side of the face and arm. Can you send an ambulance immediately?,Neurology
My brother has severe knee pain and difficulty bearing weight since this afternoon. We need help getting to the hospital quickly.,Orthopedics
My little sister has had a fever that isn't going down with medicine. Requesting a car for hospital transport.,Pediatrics
My grandfather has severe lower back pain suspected to be kidney stones for the past few hours. We need a vehicle to reach the hospital as soon as possible.,Nephrology_Dialysis
"My grandson won't stop crying and isn't feeding well since this morning. Need immediate pickup, this cannot wait.",Pediatrics
My mother is a cancer patient and needs to go for radiotherapy. Please book a ride to the hospital for the appointment.,Oncology
My father-in-law has a scheduled pulmonology follow-up appointment. We need help getting to the hospital quickly.,Pulmonology
My mother is due for a follow-up after recent heart surgery. Requesting a car for hospital transport.,Cardiology
My sister needs a follow-up appointment for thyroid medication tomorrow. We need a vehicle to reach the hospital as soon as possible.,General_Medicine
My colleague has severe sinus pain and pressure with fever since last night. Please confirm a pickup time for the hospital visit.,ENT
"My sister-in-law is pregnant and experiencing heavy bleeding suddenly, just now. Please send transport right away, this is urgent.",Obstetrics_Gynecology
A family friend is a known heart patient and is feeling severe chest discomfort since last night. We need help getting to the hospital quickly.,Cardiology
My sister is unconscious after a fall. Can someone be sent to pick us up for the hospital?,Emergency_Trauma
My mother-in-law has severe joint pain from arthritis and can't reach the car today. We need help getting to the hospital quickly.,Orthopedics
"My husband accidentally swallowed a cleaning chemical suddenly, just now. We need a vehicle to reach the hospital as soon as possible.",Emergency_Trauma
My uncle has a severe nosebleed that won't stop since this afternoon. We need help getting to the hospital quickly.,ENT
My wife is a cancer patient and needs to go for radiotherapy. Can you send an ambulance immediately?,Oncology
My grandfather is wheezing badly and can't catch a breath. We need help getting to the hospital quickly.,Pulmonology
My elderly neighbor has ongoing stomach ulcers and needs a checkup tomorrow. Could you arrange pickup for the scheduled hospital appointment?,Gastroenterology
My brother has ongoing urinary difficulty and needs a urology consultation today. We need help getting to the hospital quickly.,Urology
My grandmother is not responding normally and seems disoriented right now. Please book a ride to the hospital for the appointment.,Neurology
My mother-in-law is due for a follow-up after ear surgery tomorrow. We need a vehicle to reach the hospital as soon as possible.,ENT
My wife is wheezing badly and can't catch a breath for the past few hours. Requesting a car for hospital transport.,Pulmonology
My father has numbness on one side of the face and arm right now. Please confirm a pickup time for the hospital visit.,Neurology
My sister is complaining of a heavy feeling in the chest and cold sweats. Requesting a car for hospital transport.,Cardiology
My husband has chronic acid reflux and needs a gastroenterology consultation. Please arrange a wheelchair-accessible pickup.,Gastroenterology
My mother-in-law has severe joint pain from arthritis and can't reach the car tomorrow. Requesting a car for hospital transport.,Orthopedics
My mother is due for a dialysis session at the hospital today. Can someone be sent to pick us up for the hospital?,Nephrology_Dialysis
My sister-in-law needs urgent care after a miscarriage since last night. We need a vehicle to reach the hospital as soon as possible.,Obstetrics_Gynecology
"My father had a heart attack last year and is feeling similar symptoms again suddenly, just now. We need a vehicle to reach the hospital as soon as possible.",Cardiology
My uncle has severe diarrhea and is becoming dehydrated for the past few hours. We need a vehicle to reach the hospital as soon as possible.,Gastroenterology
"My colleague is due for a routine prenatal checkup. Need immediate pickup, this cannot wait.",Obstetrics_Gynecology
My grandfather is having a mental health crisis and needs urgent evaluation since this afternoon. Please confirm a pickup time for the hospital visit.,Psychiatry_MentalHealth
My wife is due for a follow-up after ear surgery today. Please arrange a wheelchair-accessible pickup.,ENT
"My sister needs a routine consultation for chronic gastritis this week. Please send transport right away, this is urgent.",Gastroenterology
My aunt is due for a catheter change appointment for the past few days. Please confirm a pickup time for the hospital visit.,Urology
My daughter has a rash all over the body and is very fussy since this afternoon. Can you send an ambulance immediately?,Pediatrics
"My mother is bleeding heavily and going pale suddenly, just now. We need help getting to the hospital quickly.",Emergency_Trauma
My sister has slurred speech and can't move one arm since last night. Please book a ride to the hospital for the appointment.,Neurology
"My uncle is on home oxygen and the levels are dropping since this morning. Need immediate pickup, this cannot wait.",Pulmonology
My uncle is feeling weak and dizzy for no clear reason since this afternoon. Please confirm a pickup time for the hospital visit.,General_Medicine
My colleague suddenly lost vision in one eye since this afternoon. We need help getting to the hospital quickly.,Neurology
"My aunt has severe urinary retention and is in a lot of discomfort right now. Please send transport right away, this is urgent.",Urology
"A family friend has severe burning and pain during urination suddenly, just now. Requesting a car for hospital transport.",Urology
My grandfather has sudden weakness down one side of the body since this morning. We need help getting to the hospital quickly.,Neurology
My elderly neighbor has had a fever and body aches for the past few days. We need a vehicle to reach the hospital as soon as possible.,General_Medicine
My mother has a bad ear infection with severe pain right now. We need urgent transport to the hospital.,ENT
My sister needs a follow-up appointment for thyroid medication. Could you arrange pickup for the scheduled hospital appointment?,General_Medicine
My husband has a deep cut on the arm that won't stop bleeding for the past few hours. Can you send an ambulance immediately?,Emergency_Trauma
My husband is due for a follow-up scan after cancer treatment. Please confirm a pickup time for the hospital visit.,Oncology
My elderly neighbor needs a cardiac checkup after recent palpitations tomorrow. Please confirm a pickup time for the hospital visit.,Cardiology
My husband is unconscious after a fall since last night. Requesting a car for hospital transport.,Emergency_Trauma
My wife needs to go for a kidney function checkup tomorrow. Please confirm a pickup time for the hospital visit.,Nephrology_Dialysis
My father-in-law needs a hearing test appointment. Can someone be sent to pick us up for the hospital?,ENT
My grandfather is having a severe allergic reaction and the face is swelling right now. Please arrange a wheelchair-accessible pickup.,Emergency_Trauma
My mother-in-law has a bad case of the flu and needs to see a doctor since this morning. We need a vehicle to reach the hospital as soon as possible.,General_Medicine
My son has a high fever and is unusually drowsy for the past few hours. Can you send an ambulance immediately?,Pediatrics
My mother-in-law needs oxygen support during transport to the hospital right now. Could you arrange pickup for the scheduled hospital appointment?,Pulmonology
My grandmother is due for a biopsy appointment tomorrow. Please book a ride to the hospital for the appointment.,Oncology
"My uncle is feeling very breathless with chest pain since this afternoon. Need immediate pickup, this cannot wait.",Cardiology
My mother fell down the stairs and the leg looks broken right now. Can you send an ambulance immediately?,Orthopedics
"My colleague is showing very aggressive and unusual behavior since this morning. Please send transport right away, this is urgent.",Psychiatry_MentalHealth
My aunt has been vomiting continuously since this afternoon. Could you arrange pickup for the scheduled hospital appointment?,Gastroenterology
My uncle has a chemotherapy session booked today. Could you arrange pickup for the scheduled hospital appointment?,Oncology
"My sister-in-law is in labor and needs to reach the hospital immediately since last night. Please send transport right away, this is urgent.",Obstetrics_Gynecology
My aunt has sudden severe pain in the groin area right now. Requesting a car for hospital transport.,Urology
My father-in-law dislocated the shoulder while lifting something heavy since this morning. Please confirm a pickup time for the hospital visit.,Orthopedics
My husband needs transport for a scheduled oncology consultation tomorrow. Please book a ride to the hospital for the appointment.,Oncology
My daughter-in-law is in labor and needs to reach the hospital immediately since this afternoon. Could you arrange pickup for the scheduled hospital appointment?,Obstetrics_Gynecology
My niece has had a fever that isn't going down with medicine for the past few days. We need help getting to the hospital quickly.,Pediatrics
My uncle needs oxygen support during transport to the hospital. Please book a ride to the hospital for the appointment.,Pulmonology
My sister-in-law is due for a routine prenatal checkup for the past few days. Can someone be sent to pick us up for the hospital?,Obstetrics_Gynecology
"My brother has a bad case of the flu and needs to see a doctor suddenly, just now. We need a vehicle to reach the hospital as soon as possible.",General_Medicine
My wife needs an urgent psychiatric evaluation after a sudden change in behavior for the past few hours. Can you send an ambulance immediately?,Psychiatry_MentalHealth
A family friend is showing very aggressive and unusual behavior right now. We need urgent transport to the hospital.,Psychiatry_MentalHealth
"My husband fell from the roof and is not moving suddenly, just now. Need immediate pickup, this cannot wait.",Emergency_Trauma
My daughter is due for a routine pediatric checkup today. Can someone be sent to pick us up for the hospital?,Pediatrics
My uncle is vomiting blood and feels extremely weak. We need help getting to the hospital quickly.,Gastroenterology
My elderly neighbor needs a hearing test appointment for the past few days. Requesting a car for hospital transport.,ENT
My grandmother has sudden severe pain in the upper stomach since this morning. We need a vehicle to reach the hospital as soon as possible.,Gastroenterology
My grandfather is due for a scheduled psychiatric follow-up appointment tomorrow. We need a vehicle to reach the hospital as soon as possible.,Psychiatry_MentalHealth
My brother is due for a follow-up scan after cancer treatment for the past few days. Can someone be sent to pick us up for the hospital?,Oncology
"My aunt had a heart attack last year and is feeling similar symptoms again right now. Please send transport right away, this is urgent.",Cardiology
My grandmother has severe burning and pain during urination since last night. Can you send an ambulance immediately?,Urology
My wife needs an urgent psychiatric evaluation after a sudden change in behavior since last night. Can someone be sent to pick us up for the hospital?,Psychiatry_MentalHealth
My sister is a cancer patient and needs to go for radiotherapy tomorrow. We need urgent transport to the hospital.,Oncology
My grandfather is a known epilepsy patient and had a seizure right now. We need a vehicle to reach the hospital as soon as possible.,Neurology
My mother needs a cardiac checkup after recent palpitations this week. Please confirm a pickup time for the hospital visit.,Cardiology
My sister has recurring urinary tract infections and needs a checkup. Please arrange a wheelchair-accessible pickup.,Urology
"My colleague has been vomiting continuously since this afternoon. Please send transport right away, this is urgent.",Gastroenterology
My son has a very high fever that won't come down. Can you send an ambulance immediately?,Pediatrics
My father is due for a scheduled psychiatric follow-up appointment for the past few days. We need help getting to the hospital quickly.,Psychiatry_MentalHealth
"My aunt fell from the roof and is not moving since this morning. Need immediate pickup, this cannot wait.",Emergency_Trauma
"My father was in a road accident and is bleeding heavily since last night. Need immediate pickup, this cannot wait.",Emergency_Trauma
"My son has a high fever and is unusually drowsy. Please send transport right away, this is urgent.",Pediatrics
My brother has a persistent cough and chest congestion for the past few days. Please confirm a pickup time for the hospital visit.,Pulmonology
My wife is extremely weak after the last chemo session and needs help reaching the hospital since last night. Please confirm a pickup time for the hospital visit.,Oncology
"My wife has mild fever and wants a general physician consultation suddenly, just now. Please send transport right away, this is urgent.",General_Medicine
My father is retaining a lot of fluid and the doctor said to come in for dialysis right now. Can you send an ambulance immediately?,Nephrology_Dialysis
My grandfather has stomach pain and nausea since this morning since last night. We need urgent transport to the hospital.,General_Medicine
My husband has a severe head injury after a fall since this afternoon. Can you send an ambulance immediately?,Emergency_Trauma
My grandfather has COPD and is struggling to breathe right now. Please confirm a pickup time for the hospital visit.,Pulmonology
My husband has severe joint pain from arthritis and can't reach the car for the past few days. Could you arrange pickup for the scheduled hospital appointment?,Orthopedics
My brother is scheduled for a fistula checkup before dialysis. Please confirm a pickup time for the hospital visit.,Nephrology_Dialysis
My little brother is due for scheduled vaccinations for the past few days. Can someone be sent to pick us up for the hospital?,Pediatrics
A family friend is due for a routine urology checkup this week. Could you arrange pickup for the scheduled hospital appointment?,Urology
My brother is extremely anxious and having trouble breathing due to stress right now. We need help getting to the hospital quickly.,Psychiatry_MentalHealth
My brother is due for a follow-up after a recent lung infection tomorrow. Please arrange a wheelchair-accessible pickup.,Pulmonology
My elderly neighbor has general body weakness and wants to see a doctor since last night. Could you arrange pickup for the scheduled hospital appointment?,General_Medicine
A family friend is extremely anxious and having trouble breathing due to stress since this morning. Can someone be sent to pick us up for the hospital?,Psychiatry_MentalHealth
My brother is due for a follow-up after knee surgery tomorrow. Can someone be sent to pick us up for the hospital?,Orthopedics
"My mother-in-law has a bad chest infection and is coughing up blood since this morning. Please send transport right away, this is urgent.",Pulmonology
My mother-in-law has persistent throat irritation and hoarseness tomorrow. Can someone be sent to pick us up for the hospital?,ENT
My colleague has COPD and is struggling to breathe since last night. Can someone be sent to pick us up for the hospital?,Pulmonology
My brother is having tremors and difficulty walking for the past few hours. Please book a ride to the hospital for the appointment.,Neurology
My aunt is scheduled for an angiography appointment today. Please book a ride to the hospital for the appointment.,Cardiology
My grandfather is due for a routine urology checkup for the past few days. Please book a ride to the hospital for the appointment.,Urology
"My husband has a bad chest infection and is coughing up blood right now. Need immediate pickup, this cannot wait.",Pulmonology
"My wife is due for a follow-up endoscopy appointment tomorrow. Please send transport right away, this is urgent.",Gastroenterology
A family friend has chronic tonsillitis and needs a specialist consultation this week. We need a vehicle to reach the hospital as soon as possible.,ENT
My elderly neighbor is unconscious after a fall. We need urgent transport to the hospital.,Emergency_Trauma
My sister is having severe chest pain and sweating heavily right now. We need a vehicle to reach the hospital as soon as possible.,Cardiology
"My colleague has severe urinary retention and is in a lot of discomfort for the past few hours. Need immediate pickup, this cannot wait.",Urology
A family friend fainted and is confused for the past few hours. Can you send an ambulance immediately?,Neurology
My uncle is a known epilepsy patient and had a seizure since last night. Can you send an ambulance immediately?,Neurology
My grandmother is due for a biopsy appointment. Requesting a car for hospital transport.,Oncology
"My uncle is due for a catheter change appointment this week. Need immediate pickup, this cannot wait.",Urology
My colleague has a persistent cough and chest congestion today. Can someone be sent to pick us up for the hospital?,Pulmonology
"My baby is due for a routine pediatric checkup today. Need immediate pickup, this cannot wait.",Pediatrics
My nephew has severe vomiting and diarrhea. We need a vehicle to reach the hospital as soon as possible.,Pediatrics
"My wife dislocated the shoulder while lifting something heavy suddenly, just now. Please send transport right away, this is urgent.",Orthopedics
"My sister has severe burning and pain during urination suddenly, just now. Please arrange a wheelchair-accessible pickup.",Urology
My sister needs an urgent psychiatric evaluation after a sudden change in behavior. We need urgent transport to the hospital.,Psychiatry_MentalHealth
"My brother dislocated the shoulder while lifting something heavy since this afternoon. Please send transport right away, this is urgent.",Orthopedics
A family friend is scheduled for a fistula checkup before dialysis this week. Can someone be sent to pick us up for the hospital?,Nephrology_Dialysis
"My colleague has sudden severe pain in the upper stomach suddenly, just now. Could you arrange pickup for the scheduled hospital appointment?",Gastroenterology
"My little brother has a very high fever that won't come down suddenly, just now. Please send transport right away, this is urgent.",Pediatrics
My sister has a severe nosebleed that won't stop. We need help getting to the hospital quickly.,ENT
"My baby has a rash all over the body and is very fussy since this morning. Please send transport right away, this is urgent.",Pediatrics
My cousin is pregnant and the water just broke since this afternoon. We need help getting to the hospital quickly.,Obstetrics_Gynecology
My grandfather has a bad chest infection and is coughing up blood since last night. We need a vehicle to reach the hospital as soon as possible.,Pulmonology
"My father-in-law is having severe difficulty breathing suddenly, just now. Need immediate pickup, this cannot wait.",Pulmonology
"My grandmother has swelling in the legs and reduced urination. Need immediate pickup, this cannot wait.",Nephrology_Dialysis
My father-in-law is due for a routine urology checkup. Please confirm a pickup time for the hospital visit.,Urology
My father has a chemotherapy session booked tomorrow. Could you arrange pickup for the scheduled hospital appointment?,Oncology
My colleague is having tremors and difficulty walking right now. Can you send an ambulance immediately?,Neurology
My niece has a very high fever that won't come down since this morning. We need help getting to the hospital quickly.,Pediatrics
My grandmother has a deep cut on the arm that won't stop bleeding since this afternoon. Can someone be sent to pick us up for the hospital?,Emergency_Trauma
My brother had a heart attack last year and is feeling similar symptoms again since this afternoon. We need help getting to the hospital quickly.,Cardiology
My nephew has a very high fever that won't come down since last night. We need a vehicle to reach the hospital as soon as possible.,Pediatrics
"My brother has an irregular heartbeat and feels dizzy suddenly, just now. We need urgent transport to the hospital.",Cardiology
My wife is pregnant and having severe abdominal pain right now. Can someone be sent to pick us up for the hospital?,Obstetrics_Gynecology
My husband has numbness on one side of the face and arm since this morning. We need help getting to the hospital quickly.,Neurology
My grandfather has asthma and is having a bad attack. We need a vehicle to reach the hospital as soon as possible.,Pulmonology
My brother has uncontrolled diabetes and needs a checkup this week. We need a vehicle to reach the hospital as soon as possible.,General_Medicine
"My wife was hit by a motorbike and can't stand up suddenly, just now. We need a vehicle to reach the hospital as soon as possible.",Emergency_Trauma
My brother needs a cardiac checkup after recent palpitations tomorrow. Can someone be sent to pick us up for the hospital?,Cardiology
My baby has severe vomiting and diarrhea right now. Requesting a car for hospital transport.,Pediatrics
My father is having severe difficulty breathing right now. We need a vehicle to reach the hospital as soon as possible.,Pulmonology
My wife is in labor and needs to reach the hospital immediately right now. Please arrange a wheelchair-accessible pickup.,Obstetrics_Gynecology
A family friend has recurring urinary tract infections and needs a checkup tomorrow. Requesting a car for hospital transport.,Urology
My sister-in-law is due for a scheduled ultrasound appointment. Please book a ride to the hospital for the appointment.,Obstetrics_Gynecology
"My father-in-law is retaining a lot of fluid and the doctor said to come in for dialysis. Please send transport right away, this is urgent.",Nephrology_Dialysis
My husband is retaining a lot of fluid and the doctor said to come in for dialysis. Please book a ride to the hospital for the appointment.,Nephrology_Dialysis
"My colleague is showing very aggressive and unusual behavior suddenly, just now. Please send transport right away, this is urgent.",Psychiatry_MentalHealth
"My toddler has severe vomiting and diarrhea since this afternoon. Need immediate pickup, this cannot wait.",Pediatrics
"My aunt is due for a biopsy appointment this week. Please send transport right away, this is urgent.",Oncology
My colleague needs a routine checkup for managing diabetes medication this week. Please confirm a pickup time for the hospital visit.,General_Medicine
"My husband stopped talking and eating and seems disoriented right now. Need immediate pickup, this cannot wait.",Psychiatry_MentalHealth
My elderly neighbor has recurring urinary tract infections and needs a checkup this week. Please arrange a wheelchair-accessible pickup.,Urology
My colleague has chronic back pain and can barely move around. Could you arrange pickup for the scheduled hospital appointment?,Orthopedics
My father-in-law fell from the roof and is not moving since this morning. Can you send an ambulance immediately?,Emergency_Trauma
My colleague has numbness on one side of the face and arm for the past few hours. Could you arrange pickup for the scheduled hospital appointment?,Neurology
My father-in-law is due for a dialysis session at the hospital. Please arrange a wheelchair-accessible pickup.,Nephrology_Dialysis
My elderly neighbor needs a cardiac checkup after recent palpitations. We need a vehicle to reach the hospital as soon as possible.,Cardiology
My aunt has chest tightness with pain spreading to the left arm right now. We need a vehicle to reach the hospital as soon as possible.,Cardiology
A family friend has uncontrolled diabetes and needs a checkup today. Can someone be sent to pick us up for the hospital?,General_Medicine
"My brother has a severe nosebleed that won't stop for the past few hours. Please send transport right away, this is urgent.",ENT
My grandson has severe vomiting and diarrhea since this morning. Can you send an ambulance immediately?,Pediatrics
My husband has slurred speech and can't move one arm since this morning. We need help getting to the hospital quickly.,Neurology
"My brother is complaining of a heavy feeling in the chest and cold sweats since this morning. Please send transport right away, this is urgent.",Cardiology
My brother is on home oxygen and the levels are dropping right now. We need help getting to the hospital quickly.,Pulmonology
My father-in-law has severe urinary retention and is in a lot of discomfort since last night. We need a vehicle to reach the hospital as soon as possible.,Urology
My grandfather has severe joint pain from arthritis and can't reach the car. We need a vehicle to reach the hospital as soon as possible.,Orthopedics
My wife stopped talking and eating and seems disoriented since last night. Please arrange a wheelchair-accessible pickup.,Psychiatry_MentalHealth
My father-in-law has ongoing sinus issues and needs an ENT checkup this week. Please book a ride to the hospital for the appointment.,ENT
"My aunt is due for a liver function test tomorrow. Need immediate pickup, this cannot wait.",Gastroenterology
"A family friend is pregnant and the water just broke suddenly, just now. We need help getting to the hospital quickly.",Obstetrics_Gynecology
My husband stopped talking and eating and seems disoriented right now. Could you arrange pickup for the scheduled hospital appointment?,Psychiatry_MentalHealth
My elderly neighbor needs a hearing test appointment. Please arrange a wheelchair-accessible pickup.,ENT
My aunt is due for a scheduled psychiatric follow-up appointment this week. Please confirm a pickup time for the hospital visit.,Psychiatry_MentalHealth
"My mother-in-law has chest tightness with pain spreading to the left arm. Please send transport right away, this is urgent.",Cardiology
My grandmother hurt the back badly while working and can't sit up since last night. We need urgent transport to the hospital.,Orthopedics
My uncle needs to go for a kidney function checkup today. Please book a ride to the hospital for the appointment.,Nephrology_Dialysis
"My uncle has severe diarrhea and is becoming dehydrated suddenly, just now. We need help getting to the hospital quickly.",Gastroenterology
My little sister had an allergic reaction after eating something right now. We need a vehicle to reach the hospital as soon as possible.,Pediatrics
"My grandfather has a scheduled pulmonology follow-up appointment. Need immediate pickup, this cannot wait.",Pulmonology
A family friend needs oxygen support during transport to the hospital since this afternoon. Requesting a car for hospital transport.,Pulmonology
"My aunt has sudden severe pain in the groin area suddenly, just now. Please send transport right away, this is urgent.",Urology
My cousin is pregnant and the water just broke since this afternoon. Can you send an ambulance immediately?,Obstetrics_Gynecology
My brother has severe urinary retention and is in a lot of discomfort right now. We need a vehicle to reach the hospital as soon as possible.,Urology
My daughter has a very high fever that won't come down since this morning. Can you send an ambulance immediately?,Pediatrics
My father has been unusually withdrawn and not making sense when speaking. Please book a ride to the hospital for the appointment.,Psychiatry_MentalHealth
My elderly neighbor hurt the back badly while working and can't sit up. We need urgent transport to the hospital.,Orthopedics
My grandmother needs a routine consultation for chronic gastritis this week. Please arrange a wheelchair-accessible pickup.,Gastroenterology
My colleague is due for a dialysis session at the hospital tomorrow. Please confirm a pickup time for the hospital visit.,Nephrology_Dialysis
A family friend is due for a dialysis session at the hospital for the past few days. Please book a ride to the hospital for the appointment.,Nephrology_Dialysis
My grandmother is on home oxygen and the levels are dropping since this afternoon. Please arrange a wheelchair-accessible pickup.,Pulmonology
"My mother-in-law has a scheduled pulmonology follow-up appointment this week. Need immediate pickup, this cannot wait.",Pulmonology
"My grandfather has sudden severe pain in the upper stomach for the past few hours. Need immediate pickup, this cannot wait.",Gastroenterology
My uncle has uncontrolled diabetes and needs a checkup this week. Requesting a car for hospital transport.,General_Medicine
My cousin is due for a scheduled ultrasound appointment tomorrow. Could you arrange pickup for the scheduled hospital appointment?,Obstetrics_Gynecology
My aunt has a bad ear infection with severe pain right now. We need urgent transport to the hospital.,ENT
My grandmother is due for a liver function test tomorrow. We need urgent transport to the hospital.,Gastroenterology
A family friend is pregnant and having severe abdominal pain since this afternoon. Can you send an ambulance immediately?,Obstetrics_Gynecology
My father-in-law is having a seizure. Please book a ride to the hospital for the appointment.,Neurology
My mother-in-law is having severe difficulty breathing since this morning. We need a vehicle to reach the hospital as soon as possible.,Pulmonology
My mother suddenly lost vision in one eye since this afternoon. We need help getting to the hospital quickly.,Neurology
A family friend needs a routine checkup for managing diabetes medication today. Please arrange a wheelchair-accessible pickup.,General_Medicine
My grandfather is complaining of the worst headache of their life right now. We need help getting to the hospital quickly.,Neurology
My sister has been vomiting continuously since last night. Please confirm a pickup time for the hospital visit.,Gastroenterology
My son had an allergic reaction after eating something since this afternoon. We need a vehicle to reach the hospital as soon as possible.,Pediatrics
My father-in-law is due for a biopsy appointment tomorrow. Requesting a car for hospital transport.,Oncology
My father hurt the back badly while working and can't sit up since this morning. We need urgent transport to the hospital.,Orthopedics
My mother-in-law needs an urgent psychiatric evaluation after a sudden change in behavior for the past few hours. Please arrange a wheelchair-accessible pickup.,Psychiatry_MentalHealth
My wife needs an urgent psychiatric evaluation after a sudden change in behavior since this morning. Can someone be sent to pick us up for the hospital?,Psychiatry_MentalHealth
My nephew had an allergic reaction after eating something. Can you send an ambulance immediately?,Pediatrics
My sister is having a seizure since this afternoon. We need help getting to the hospital quickly.,Neurology
My colleague needs an urgent psychiatric evaluation after a sudden change in behavior right now. We need help getting to the hospital quickly.,Psychiatry_MentalHealth
My sister is a known heart patient and is feeling severe chest discomfort since this afternoon. We need help getting to the hospital quickly.,Cardiology
A family friend has a broken bone visible after an accident. Please book a ride to the hospital for the appointment.,Emergency_Trauma
"My father-in-law is having a mental health crisis and needs urgent evaluation suddenly, just now. Can someone be sent to pick us up for the hospital?",Psychiatry_MentalHealth
My uncle is hearing and seeing things that aren't there right now. Can you send an ambulance immediately?,Psychiatry_MentalHealth
My niece is due for a scheduled ultrasound appointment today. Could you arrange pickup for the scheduled hospital appointment?,Obstetrics_Gynecology
My aunt has severe burning and pain during urination right now. We need urgent transport to the hospital.,Urology
"My brother hurt the back badly while working and can't sit up. Need immediate pickup, this cannot wait.",Orthopedics
My mother-in-law is due for a follow-up after ear surgery for the past few days. We need urgent transport to the hospital.,ENT
My little sister is due for a routine pediatric checkup for the past few days. Please arrange a wheelchair-accessible pickup.,Pediatrics
"My father is extremely weak after the last chemo session and needs help reaching the hospital since this afternoon. Need immediate pickup, this cannot wait.",Oncology
"My grandmother suddenly lost vision in one eye right now. Please send transport right away, this is urgent.",Neurology
My sister is scheduled for a fistula checkup before dialysis today. Please confirm a pickup time for the hospital visit.,Nephrology_Dialysis
My brother is due for a dialysis session at the hospital today. We need urgent transport to the hospital.,Nephrology_Dialysis
My uncle has been unusually withdrawn and not making sense when speaking for the past few days. Can someone be sent to pick us up for the hospital?,Psychiatry_MentalHealth
"My husband has a severe nosebleed that won't stop. Please send transport right away, this is urgent.",ENT
My uncle needs a hearing test appointment. Can someone be sent to pick us up for the hospital?,ENT
My brother stopped talking and eating and seems disoriented. We need urgent transport to the hospital.,Psychiatry_MentalHealth
"My brother has high blood pressure and is complaining of chest pressure since last night. Need immediate pickup, this cannot wait.",Cardiology
My aunt is having a severe panic attack and can't calm down. We need a vehicle to reach the hospital as soon as possible.,Psychiatry_MentalHealth
My uncle has high blood pressure and is complaining of chest pressure since this afternoon. We need a vehicle to reach the hospital as soon as possible.,Cardiology
"A family friend is not responding normally and seems disoriented since this afternoon. Please send transport right away, this is urgent.",Neurology
My colleague has ongoing stomach ulcers and needs a checkup this week. We need urgent transport to the hospital.,Gastroenterology
My mother is hearing and seeing things that aren't there. We need urgent transport to the hospital.,Psychiatry_MentalHealth
My mother is due for a follow-up after recent heart surgery. Please confirm a pickup time for the hospital visit.,Cardiology
My sister needs a routine checkup for ongoing hypertension tomorrow. Can you send an ambulance immediately?,General_Medicine
My grandmother has severe lower back pain suspected to be kidney stones for the past few hours. We need a vehicle to reach the hospital as soon as possible.,Nephrology_Dialysis
My sister-in-law is pregnant and feeling severe dizziness and cramping. We need urgent transport to the hospital.,Obstetrics_Gynecology
"My grandmother has sudden hearing loss in one ear since last night. Need immediate pickup, this cannot wait.",ENT
"My son has had a fever that isn't going down with medicine this week. Need immediate pickup, this cannot wait.",Pediatrics
"My aunt is extremely confused and not recognizing family members right now. Need immediate pickup, this cannot wait.",Psychiatry_MentalHealth
My wife has chronic tonsillitis and needs a specialist consultation this week. We need urgent transport to the hospital.,ENT
"My husband has a bad ear infection with severe pain right now. Need immediate pickup, this cannot wait.",ENT
"My sister is due for a follow-up after knee surgery. Please send transport right away, this is urgent.",Orthopedics
"My aunt has a bad chest infection and is coughing up blood since this morning. Please send transport right away, this is urgent.",Pulmonology
My husband has COPD and is struggling to breathe. We need a vehicle to reach the hospital as soon as possible.,Pulmonology
My mother-in-law has high blood pressure and is complaining of chest pressure since last night. Could you arrange pickup for the scheduled hospital appointment?,Cardiology
My grandmother has high blood pressure and is complaining of chest pressure since this morning. We need urgent transport to the hospital.,Cardiology
My toddler has severe vomiting and diarrhea since this morning. Can you send an ambulance immediately?,Pediatrics
"My sister is having tremors and difficulty walking since this afternoon. Please send transport right away, this is urgent.",Neurology
"A family friend has severe sinus pain and pressure with fever suddenly, just now. We need urgent transport to the hospital.",ENT
My colleague is hearing and seeing things that aren't there since last night. We need a vehicle to reach the hospital as soon as possible.,Psychiatry_MentalHealth
My elderly neighbor is unable to urinate and is in severe pain right now. We need a vehicle to reach the hospital as soon as possible.,Urology
"My wife is not responding normally and seems disoriented for the past few hours. Please send transport right away, this is urgent.",Neurology
My grandmother is having severe chest pain and sweating heavily since this afternoon. Requesting a car for hospital transport.,Cardiology
A family friend is due for a routine urology checkup. We need help getting to the hospital quickly.,Urology
My father-in-law is showing yellowing of the eyes and skin right now. We need urgent transport to the hospital.,Gastroenterology
My sister-in-law is pregnant and experiencing heavy bleeding. Please arrange a wheelchair-accessible pickup.,Obstetrics_Gynecology
My sister-in-law is pregnant and the water just broke for the past few hours. We need help getting to the hospital quickly.,Obstetrics_Gynecology
A family friend has an irregular heartbeat and feels dizzy right now. Please book a ride to the hospital for the appointment.,Cardiology
My colleague has severe knee pain and difficulty bearing weight since last night. We need help getting to the hospital quickly.,Orthopedics
My colleague has severe pain related to ongoing cancer treatment for the past few hours. We need urgent transport to the hospital.,Oncology
"My mother-in-law is showing yellowing of the eyes and skin for the past few hours. Please send transport right away, this is urgent.",Gastroenterology
My brother is undergoing chemotherapy and has a session scheduled this week. Please confirm a pickup time for the hospital visit.,Oncology
My sister is having a seizure since this morning. Please confirm a pickup time for the hospital visit.,Neurology
My elderly neighbor has severe pain related to ongoing cancer treatment right now. Please book a ride to the hospital for the appointment.,Oncology
My sister is due for a routine prenatal checkup tomorrow. Please book a ride to the hospital for the appointment.,Obstetrics_Gynecology
My husband is due for a liver function test today. Please book a ride to the hospital for the appointment.,Gastroenterology
"My newborn won't stop crying and isn't feeding well suddenly, just now. We need a vehicle to reach the hospital as soon as possible.",Pediatrics
My aunt is vomiting blood and feels extremely weak. We need urgent transport to the hospital.,Gastroenterology
My grandfather needs to go for a kidney function checkup for the past few days. Could you arrange pickup for the scheduled hospital appointment?,Nephrology_Dialysis
My aunt is due for a follow-up MRI for ongoing headaches tomorrow. Please book a ride to the hospital for the appointment.,Neurology
My father-in-law has had a fever and body aches. Please confirm a pickup time for the hospital visit.,General_Medicine
My grandmother has ongoing stomach ulcers and needs a checkup. Please book a ride to the hospital for the appointment.,Gastroenterology
"My father-in-law is badly injured after a car crash since this morning. Need immediate pickup, this cannot wait.",Emergency_Trauma
"My grandfather is a known epilepsy patient and had a seizure suddenly, just now. Need immediate pickup, this cannot wait.",Neurology
A family friend is scheduled for a routine oncology follow-up. Can you send an ambulance immediately?,Oncology
My mother is due for a cast removal appointment for the past few days. Could you arrange pickup for the scheduled hospital appointment?,Orthopedics
My mother-in-law is unable to urinate and is in severe pain. We need help getting to the hospital quickly.,Urology
My mother-in-law is a cancer patient and needs to go for radiotherapy tomorrow. We need help getting to the hospital quickly.,Oncology
A family friend has slurred speech and can't move one arm. Can someone be sent to pick us up for the hospital?,Neurology
My brother is extremely anxious and having trouble breathing due to stress since this afternoon. Can someone be sent to pick us up for the hospital?,Psychiatry_MentalHealth
A family friend is due for a scheduled ultrasound appointment. Requesting a car for hospital transport.,Obstetrics_Gynecology
My father-in-law has a bad case of the flu and needs to see a doctor since last night. Could you arrange pickup for the scheduled hospital appointment?,General_Medicine
My colleague has severe pain related to ongoing cancer treatment. Requesting a car for hospital transport.,Oncology
"My father is extremely weak after the last chemo session and needs help reaching the hospital suddenly, just now. Need immediate pickup, this cannot wait.",Oncology
My grandmother has chronic back pain and can barely move around. Please book a ride to the hospital for the appointment.,Orthopedics
My mother-in-law has a scheduled dialysis appointment tomorrow. Requesting a car for hospital transport.,Nephrology_Dialysis
"My sister needs urgent care after a miscarriage suddenly, just now. Need immediate pickup, this cannot wait.",Obstetrics_Gynecology
"My colleague has kidney failure and needs regular dialysis transport this week. Please send transport right away, this is urgent.",Nephrology_Dialysis
My father-in-law is due for a follow-up after ear surgery for the past few days. Please arrange a wheelchair-accessible pickup.,ENT
My aunt has severe urinary retention and is in a lot of discomfort since last night. Can you send an ambulance immediately?,Urology
My wife has a severe head injury after a fall since last night. Can you send an ambulance immediately?,Emergency_Trauma
My cousin is due for a routine prenatal checkup. Could you arrange pickup for the scheduled hospital appointment?,Obstetrics_Gynecology
"My wife has had a fever and body aches today. Please send transport right away, this is urgent.",General_Medicine
My husband is having tremors and difficulty walking since last night. We need urgent transport to the hospital.,Neurology
"A family friend was hit by a motorbike and can't stand up suddenly, just now. We need a vehicle to reach the hospital as soon as possible.",Emergency_Trauma
My mother is showing very aggressive and unusual behavior since this afternoon. Can you send an ambulance immediately?,Psychiatry_MentalHealth
My grandmother is due for a routine urology checkup for the past few days. Please book a ride to the hospital for the appointment.,Urology
My elderly neighbor has an irregular heartbeat and feels dizzy since this afternoon. We need a vehicle to reach the hospital as soon as possible.,Cardiology
My aunt has sudden hearing loss in one ear. Requesting a car for hospital transport.,ENT
My father fell from the roof and is not moving since this morning. We need a vehicle to reach the hospital as soon as possible.,Emergency_Trauma
My daughter-in-law is due for a routine gynecology consultation tomorrow. We need help getting to the hospital quickly.,Obstetrics_Gynecology
My elderly neighbor was hit by a motorbike and can't stand up since this morning. Please arrange a wheelchair-accessible pickup.,Emergency_Trauma
My mother-in-law fainted and is confused. We need a vehicle to reach the hospital as soon as possible.,Neurology
A family friend needs a routine checkup for ongoing hypertension today. Requesting a car for hospital transport.,General_Medicine
"My little sister had an allergic reaction after eating something suddenly, just now. Can you send an ambulance immediately?",Pediatrics
My mother-in-law has been unusually withdrawn and not making sense when speaking. We need urgent transport to the hospital.,Psychiatry_MentalHealth
My father-in-law is badly injured after a car crash for the past few hours. Please book a ride to the hospital for the appointment.,Emergency_Trauma
My wife is retaining a lot of fluid and the doctor said to come in for dialysis for the past few hours. Can someone be sent to pick us up for the hospital?,Nephrology_Dialysis
My father-in-law is complaining of the worst headache of their life since last night. Can someone be sent to pick us up for the hospital?,Neurology
"My grandfather has stomach pain and nausea since this morning suddenly, just now. Please send transport right away, this is urgent.",General_Medicine
My husband has numbness on one side of the face and arm since this morning. Could you arrange pickup for the scheduled hospital appointment?,Neurology
My aunt is a known epilepsy patient and had a seizure for the past few hours. Requesting a car for hospital transport.,Neurology
My sister is due for a scheduled ultrasound appointment. Could you arrange pickup for the scheduled hospital appointment?,Obstetrics_Gynecology
My wife needs urgent care after a miscarriage right now. We need urgent transport to the hospital.,Obstetrics_Gynecology
My grandmother has general body weakness and wants to see a doctor since this afternoon. We need urgent transport to the hospital.,General_Medicine
My colleague has been unusually withdrawn and not making sense when speaking today. Could you arrange pickup for the scheduled hospital appointment?,Psychiatry_MentalHealth
My sister is pregnant and the water just broke. We need urgent transport to the hospital.,Obstetrics_Gynecology
"My father-in-law has severe knee pain and difficulty bearing weight. Need immediate pickup, this cannot wait.",Orthopedics
My aunt hurt the back badly while working and can't sit up since this morning. We need urgent transport to the hospital.,Orthopedics
My uncle has had a fever and body aches. Requesting a car for hospital transport.,General_Medicine
My sister has been unusually withdrawn and not making sense when speaking tomorrow. We need help getting to the hospital quickly.,Psychiatry_MentalHealth
"My father-in-law has a severe head injury after a fall suddenly, just now. We need a vehicle to reach the hospital as soon as possible.",Emergency_Trauma
My grandmother has had a fever and body aches tomorrow. We need urgent transport to the hospital.,General_Medicine
My grandfather stopped talking and eating and seems disoriented since this afternoon. Can you send an ambulance immediately?,Psychiatry_MentalHealth
My uncle is a known heart patient and is feeling severe chest discomfort for the past few hours. Please arrange a wheelchair-accessible pickup.,Cardiology
My aunt is scheduled for a fistula checkup before dialysis. Please confirm a pickup time for the hospital visit.,Nephrology_Dialysis
A family friend has a broken bone visible after an accident since this morning. Please confirm a pickup time for the hospital visit.,Emergency_Trauma
My son has severe vomiting and diarrhea since last night. We need a vehicle to reach the hospital as soon as possible.,Pediatrics
"My mother-in-law has sudden weakness down one side of the body for the past few hours. Need immediate pickup, this cannot wait.",Neurology
My wife is due for a cast removal appointment for the past few days. Could you arrange pickup for the scheduled hospital appointment?,Orthopedics
My uncle has recurring urinary tract infections and needs a checkup tomorrow. Could you arrange pickup for the scheduled hospital appointment?,Urology
My grandmother is feeling weak and dizzy for no clear reason since last night. Please confirm a pickup time for the hospital visit.,General_Medicine
My wife is a long-term dialysis patient and needs a wheelchair-accessible vehicle tomorrow. Can you send an ambulance immediately?,Nephrology_Dialysis
"My niece is pregnant and having severe abdominal pain suddenly, just now. We need a vehicle to reach the hospital as soon as possible.",Obstetrics_Gynecology
My mother-in-law is hearing and seeing things that aren't there for the past few hours. Please book a ride to the hospital for the appointment.,Psychiatry_MentalHealth
"My newborn has a bad cough and is having trouble breathing. Please send transport right away, this is urgent.",Pediatrics
My sister has a scheduled dialysis appointment for the past few days. Requesting a car for hospital transport.,Nephrology_Dialysis
My grandmother has general body weakness and wants to see a doctor right now. Can someone be sent to pick us up for the hospital?,General_Medicine
"My mother has an irregular heartbeat and feels dizzy since this afternoon. Need immediate pickup, this cannot wait.",Cardiology
My mother-in-law is due for a routine urology checkup tomorrow. Can someone be sent to pick us up for the hospital?,Urology
"My sister has severe pain related to ongoing cancer treatment since last night. Please send transport right away, this is urgent.",Oncology
A family friend has a broken bone visible after an accident. We need help getting to the hospital quickly.,Emergency_Trauma
My daughter-in-law is due for a routine prenatal checkup this week. We need help getting to the hospital quickly.,Obstetrics_Gynecology
"My wife needs urgent care after a miscarriage right now. Please send transport right away, this is urgent.",Obstetrics_Gynecology
My wife is having tremors and difficulty walking. We need help getting to the hospital quickly.,Neurology
My grandmother has chronic tonsillitis and needs a specialist consultation tomorrow. Could you arrange pickup for the scheduled hospital appointment?,ENT
My colleague is due for a cast removal appointment for the past few days. Please arrange a wheelchair-accessible pickup.,Orthopedics
"My grandson had an allergic reaction after eating something suddenly, just now. We need a vehicle to reach the hospital as soon as possible.",Pediatrics
My colleague has persistent throat irritation and hoarseness. Could you arrange pickup for the scheduled hospital appointment?,ENT
My elderly neighbor has been vomiting continuously right now. We need a vehicle to reach the hospital as soon as possible.,Gastroenterology
My father has severe joint pain from arthritis and can't reach the car. We need a vehicle to reach the hospital as soon as possible.,Orthopedics
"My husband has mild fever and wants a general physician consultation suddenly, just now. Requesting a car for hospital transport.",General_Medicine
"My mother-in-law has a severe nosebleed that won't stop for the past few hours. Need immediate pickup, this cannot wait.",ENT
"My grandson won't stop crying and isn't feeding well suddenly, just now. Can you send an ambulance immediately?",Pediatrics
My niece is due for a scheduled ultrasound appointment this week. Could you arrange pickup for the scheduled hospital appointment?,Obstetrics_Gynecology
"My grandfather accidentally swallowed a cleaning chemical since this morning. Please send transport right away, this is urgent.",Emergency_Trauma
My aunt needs transport for a scheduled oncology consultation tomorrow. Can someone be sent to pick us up for the hospital?,Oncology
"My husband fell down the stairs and the leg looks broken suddenly, just now. Need immediate pickup, this cannot wait.",Orthopedics
My sister is scheduled for an angiography appointment. We need urgent transport to the hospital.,Cardiology
My daughter accidentally swallowed a small object. Can someone be sent to pick us up for the hospital?,Pediatrics
My sister-in-law is due for a scheduled ultrasound appointment. Could you arrange pickup for the scheduled hospital appointment?,Obstetrics_Gynecology
"My elderly neighbor has chronic acid reflux and needs a gastroenterology consultation this week. Need immediate pickup, this cannot wait.",Gastroenterology
"A family friend has severe lower back pain suspected to be kidney stones for the past few hours. Need immediate pickup, this cannot wait.",Nephrology_Dialysis
My wife has a severe head injury after a fall since this morning. Requesting a car for hospital transport.,Emergency_Trauma
My sister needs a routine checkup for ongoing hypertension. Can someone be sent to pick us up for the hospital?,General_Medicine
My father has been vomiting continuously since this afternoon. We need urgent transport to the hospital.,Gastroenterology
My daughter-in-law is pregnant and feeling severe dizziness and cramping right now. Please book a ride to the hospital for the appointment.,Obstetrics_Gynecology
My colleague is showing yellowing of the eyes and skin since this morning. Can you send an ambulance immediately?,Gastroenterology
"My wife is in labor and needs to reach the hospital immediately right now. Need immediate pickup, this cannot wait.",Obstetrics_Gynecology
My grandmother has mild fever and wants a general physician consultation since this afternoon. We need help getting to the hospital quickly.,General_Medicine
My mother-in-law has high blood pressure and is complaining of chest pressure since last night. We need help getting to the hospital quickly.,Cardiology
"My grandmother has severe urinary retention and is in a lot of discomfort suddenly, just now. Please arrange a wheelchair-accessible pickup.",Urology
My mother-in-law is extremely confused and not recognizing family members for the past few hours. We need help getting to the hospital quickly.,Psychiatry_MentalHealth
My colleague is due for a scheduled ultrasound appointment tomorrow. We need urgent transport to the hospital.,Obstetrics_Gynecology
"My aunt has been feeling unwell with a persistent cough and fatigue. Need immediate pickup, this cannot wait.",General_Medicine
My husband is showing very aggressive and unusual behavior since this morning. Can you send an ambulance immediately?,Psychiatry_MentalHealth
My grandfather has a foreign object stuck in the ear since this morning. Can you send an ambulance immediately?,ENT
My brother has severe knee pain and difficulty bearing weight. We need help getting to the hospital quickly.,Orthopedics
My colleague is having a mental health crisis and needs urgent evaluation since this afternoon. We need help getting to the hospital quickly.,Psychiatry_MentalHealth
A family friend suddenly lost vision in one eye. Requesting a car for hospital transport.,Neurology
My father has blood in the urine and is very worried right now. We need a vehicle to reach the hospital as soon as possible.,Urology
"My father has multiple injuries after a fall from a ladder since this morning. Need immediate pickup, this cannot wait.",Emergency_Trauma
My uncle is extremely anxious and having trouble breathing due to stress right now. We need urgent transport to the hospital.,Psychiatry_MentalHealth
My grandmother is having a severe panic attack and can't calm down for the past few hours. We need a vehicle to reach the hospital as soon as possible.,Psychiatry_MentalHealth
My niece is due for a routine gynecology consultation for the past few days. Please confirm a pickup time for the hospital visit.,Obstetrics_Gynecology
My sister-in-law is pregnant and feeling severe dizziness and cramping since this afternoon. Please book a ride to the hospital for the appointment.,Obstetrics_Gynecology
"My uncle hurt the back badly while working and can't sit up suddenly, just now. Need immediate pickup, this cannot wait.",Orthopedics
My mother twisted the ankle badly and it's very swollen for the past few hours. Please confirm a pickup time for the hospital visit.,Orthopedics
My sister has a broken bone visible after an accident. We need urgent transport to the hospital.,Emergency_Trauma
"My brother has persistent throat irritation and hoarseness this week. Need immediate pickup, this cannot wait.",ENT
A family friend has ongoing stomach ulcers and needs a checkup this week. Please confirm a pickup time for the hospital visit.,Gastroenterology
My father has asthma and is having a bad attack since this morning. Could you arrange pickup for the scheduled hospital appointment?,Pulmonology
A family friend is due for a routine prenatal checkup. Requesting a car for hospital transport.,Obstetrics_Gynecology
My colleague is overdue and the doctor advised coming in immediately since this afternoon. We need a vehicle to reach the hospital as soon as possible.,Obstetrics_Gynecology
My brother suddenly lost vision in one eye right now. Please confirm a pickup time for the hospital visit.,Neurology
A family friend is bleeding heavily and going pale for the past few hours. We need a vehicle to reach the hospital as soon as possible.,Emergency_Trauma
My sister is pregnant and having severe abdominal pain. We need urgent transport to the hospital.,Obstetrics_Gynecology
"My uncle is due for a follow-up endoscopy appointment today. Need immediate pickup, this cannot wait.",Gastroenterology
My grandfather is due for a routine blood test appointment tomorrow. We need urgent transport to the hospital.,General_Medicine
My colleague is pregnant and having severe abdominal pain since this afternoon. Could you arrange pickup for the scheduled hospital appointment?,Obstetrics_Gynecology
My sister-in-law is overdue and the doctor advised coming in immediately for the past few hours. We need urgent transport to the hospital.,Obstetrics_Gynecology
My brother needs a cardiac checkup after recent palpitations. Please arrange a wheelchair-accessible pickup.,Cardiology
"My grandmother is a cancer patient and needs to go for radiotherapy tomorrow. Need immediate pickup, this cannot wait.",Oncology
My father-in-law has a chemotherapy session booked. Requesting a car for hospital transport.,Oncology
My father-in-law has a scheduled dialysis appointment today. We need help getting to the hospital quickly.,Nephrology_Dialysis
My aunt has recurring urinary tract infections and needs a checkup tomorrow. We need urgent transport to the hospital.,Urology
A family friend is badly injured after a car crash for the past few hours. Please book a ride to the hospital for the appointment.,Emergency_Trauma
"My uncle is due for a dialysis session at the hospital this week. Please send transport right away, this is urgent.",Nephrology_Dialysis
My grandmother has recurring urinary tract infections and needs a checkup today. Could you arrange pickup for the scheduled hospital appointment?,Urology
My aunt is vomiting blood and feels extremely weak for the past few hours. Please confirm a pickup time for the hospital visit.,Gastroenterology
My niece has a rash all over the body and is very fussy since this afternoon. We need urgent transport to the hospital.,Pediatrics
My colleague is due for a routine prenatal checkup. We need urgent transport to the hospital.,Obstetrics_Gynecology
My husband was hit by a motorbike and can't stand up. We need urgent transport to the hospital.,Emergency_Trauma
My sister has asthma and is having a bad attack for the past few hours. We need help getting to the hospital quickly.,Pulmonology
My grandfather needs oxygen support during transport to the hospital right now. We need help getting to the hospital quickly.,Pulmonology
